day,time,place1,place2,place3,sun_intensity,sun_time,elec_intensity
9,0,0,0,1,0.02,0.0,0.0
9,1,0,0,1,0.0206666666666666,0.0,0.0
9,2,0,0,1,0.0213333333333333,0.0,0.0
9,3,0,0,1,0.022,0.0,0.0
9,4,0,0,1,0.0226666666666666,0.0,0.0
9,5,0,0,1,0.0233333333333333,0.0,0.0
9,6,0,0,1,0.024,0.0,0.0
9,7,0,0,1,0.0246666666666666,0.0,0.0
9,8,0,0,1,0.0253333333333333,0.0,0.0
9,9,0,0,1,0.026,0.0,0.0
9,10,0,0,1,0.0266666666666666,0.0,0.0
9,11,0,0,1,0.0273333333333333,0.0,0.0
9,12,0,0,1,0.028,0.0,0.0
9,13,0,0,1,0.0286666666666666,0.0,0.0
9,14,0,0,1,0.0293333333333333,0.0,0.0
9,15,0,0,1,0.03,0.0,0.0
9,16,0,0,1,0.0306666666666666,0.0,0.0
9,17,0,0,1,0.0313333333333333,0.0,0.0
9,18,0,0,1,0.032,0.0,0.0
9,19,0,0,1,0.0326666666666666,0.0,0.0
9,20,0,0,1,0.0333333333333333,0.0,0.0
9,21,0,0,1,0.034,0.0,0.0
9,22,0,0,1,0.0346666666666666,0.0,0.0
9,23,0,0,1,0.0353333333333333,0.0,0.0
9,24,0,0,1,0.036,0.0,0.0
9,25,0,0,1,0.0366666666666666,0.0,0.0
9,26,0,0,1,0.0373333333333333,0.0,0.0
9,27,0,0,1,0.038,0.0,0.0
9,28,0,0,1,0.0386666666666666,0.0,0.0
9,29,0,0,1,0.0393333333333333,0.0,0.0
9,30,0,0,1,0.04,0.0,0.0
9,31,0,0,1,0.0418333333333333,0.0,0.0
9,32,0,0,1,0.0436666666666666,0.0,0.0
9,33,0,0,1,0.0455,0.0,0.0
9,34,0,0,1,0.0473333333333333,0.0,0.0
9,35,0,0,1,0.0491666666666666,0.0,0.0
9,36,0,0,1,0.051,0.0,0.0
9,37,0,0,1,0.0528333333333333,0.0,0.0
9,38,0,0,1,0.0546666666666666,0.0,0.0
9,39,0,0,1,0.0564999999999999,0.0,0.0
9,40,0,0,1,0.0583333333333333,0.0,0.0
9,41,0,0,1,0.0601666666666666,0.0,0.0
9,42,0,0,1,0.0619999999999999,0.0,0.0
9,43,0,0,1,0.0638333333333333,0.0,0.0
9,44,0,0,1,0.0656666666666666,0.0,0.0
9,45,0,0,1,0.0674999999999999,0.0,0.0
9,46,0,0,1,0.0693333333333333,0.0,0.0
9,47,0,0,1,0.0711666666666666,0.0,0.0
9,48,0,0,1,0.073,0.0,0.0
9,49,0,0,1,0.0748333333333333,0.0,0.0
9,50,0,0,1,0.0766666666666666,0.0,0.0
9,51,0,0,1,0.0785,0.0,0.0
9,52,0,0,1,0.0803333333333333,0.0,0.0
9,53,0,0,1,0.0821666666666666,0.0,0.0
9,54,0,0,1,0.0839999999999999,0.0,0.0
9,55,0,0,1,0.0858333333333333,0.0,0.0
9,56,0,0,1,0.0876666666666666,0.0,0.0
9,57,0,0,1,0.0895,0.0,0.0
9,58,0,0,1,0.0913333333333333,0.0,0.0
9,59,0,0,1,0.0931666666666666,0.0,0.0
9,60,0,0,1,0.095,0.0,0.0
9,61,0,0,1,0.0968333333333333,0.0,0.0
9,62,0,0,1,0.0986666666666666,0.0,0.0
9,63,0,0,1,0.1005,0.0,0.0
9,64,0,0,1,0.1023333333333333,0.0,0.0
9,65,0,0,1,0.1041666666666666,0.0,0.8666666666666667
9,66,0,0,1,0.106,0.0,2.7333333333333334
9,67,0,0,1,0.1078333333333333,0.0,2.1333333333333333
9,68,0,0,1,0.1096666666666666,0.0,0.2666666666666666
9,69,0,0,1,0.1114999999999999,0.0,5.2
9,70,0,0,1,0.1133333333333333,0.0,3.4
9,71,0,0,1,0.1151666666666666,0.0,3.8666666666666663
9,72,0,0,1,0.1169999999999999,0.0,8.333333333333334
9,73,0,0,1,0.1188333333333333,0.0,1.2
9,74,0,0,1,0.1206666666666666,0.0,0.8666666666666667
9,75,0,0,1,0.1225,0.0,8.8
9,76,0,0,1,0.1243333333333333,0.0,4.8
9,77,0,0,1,0.1261666666666666,0.0,1.4
9,78,0,0,1,0.128,0.0,4.466666666666667
9,79,0,0,1,0.1298333333333333,0.0,6.733333333333333
9,80,0,0,1,0.1316666666666666,0.0,4.442622950819672
9,81,0,0,1,0.1335,0.0,9.1
9,82,0,0,1,0.1353333333333333,0.0,1.5
9,83,0,0,1,0.1371666666666666,0.0,3.4
9,84,0,0,1,0.1389999999999999,0.0,4.85
9,85,0,0,1,0.1408333333333333,0.0,2.45
9,86,0,0,1,0.1426666666666666,0.0,1.15
9,87,0,0,1,0.1444999999999999,0.0,3.55
9,88,0,0,1,0.1463333333333333,0.0,5.7
9,89,0,0,1,0.1481666666666666,0.0,0.9
9,90,0,0,1,0.15,0.0,0.0
9,91,0,0,1,0.1521666666666666,0.0,0.0
9,92,0,0,1,0.1543333333333333,0.0,2.55
9,93,0,0,1,0.1564999999999999,0.0,6.4
9,94,0,0,1,0.1586666666666666,0.0,1.05
9,95,0,0,1,0.1608333333333333,0.0,2.55
9,96,0,0,1,0.1629999999999999,0.0,0.4918032786885246
9,97,0,0,1,0.1651666666666666,0.0,4.166666666666667
9,98,0,0,1,0.1673333333333333,0.0,0.8333333333333334
9,99,0,0,1,0.1695,0.0,0.0
9,100,0,0,1,0.1716666666666667,0.0,8.333333333333334
9,101,0,0,1,0.1738333333333333,0.0,14.166666666666666
9,102,0,0,1,0.176,0.0,10.833333333333334
9,103,0,0,1,0.1781666666666667,0.0,5.0
9,104,0,0,1,0.1803333333333333,0.0,15.666666666666666
9,105,0,0,1,0.1825,0.0,18.0
9,106,0,0,1,0.1846666666666666,0.0,13.0
9,107,0,0,1,0.1868333333333333,0.0,22.83333333333333
9,108,0,0,1,0.189,0.0,24.166666666666668
9,109,0,0,1,0.1911666666666666,0.0,28.166666666666668
9,110,0,0,1,0.1933333333333333,0.0,34.0
9,111,0,0,1,0.1955,0.0,28.33333333333333
9,112,0,0,1,0.1976666666666666,0.0,24.540983606557376
9,113,0,0,1,0.1998333333333333,0.0,47.68333333333333
9,114,0,0,1,0.202,0.0,73.41666666666667
9,115,0,0,1,0.2041666666666666,0.0,78.81666666666666
9,116,0,0,1,0.2063333333333333,0.0,79.0
9,117,0,0,1,0.2085,0.0,80.63333333333334
9,118,0,0,1,0.2106666666666666,0.0,87.53333333333333
9,119,0,0,1,0.2128333333333333,0.0,88.18333333333334
9,120,0,0,1,0.215,0.0,92.08333333333331
9,121,0,0,1,0.2171666666666666,0.0,78.3
9,122,0,0,1,0.2193333333333333,0.0,83.98333333333333
9,123,0,0,1,0.2214999999999999,0.0,93.35
9,124,0,0,1,0.2236666666666667,0.0,89.28333333333333
9,125,0,0,1,0.2258333333333333,0.0,78.2
9,126,0,0,1,0.228,0.0,81.71666666666667
9,127,0,0,1,0.2301666666666666,0.0,88.62295081967213
9,128,0,0,1,0.2323333333333333,0.0,95.6
9,129,0,0,1,0.2345,0.0,93.0
9,130,0,0,1,0.2366666666666667,0.0,84.8
9,131,0,0,1,0.2388333333333333,0.0,88.6
9,132,0,0,1,0.241,0.0,87.6
9,133,0,0,1,0.2431666666666666,0.0,87.0
9,134,0,0,1,0.2453333333333333,0.0,83.0
9,135,0,0,1,0.2475,0.0,77.2
9,136,0,0,1,0.2496666666666666,0.0,118.4
9,137,0,0,1,0.2518333333333333,0.0,134.6
9,138,0,0,1,0.254,0.0,158.4
9,139,0,0,1,0.2561666666666667,0.0,156.8
9,140,0,0,1,0.2583333333333333,0.0,132.6
9,141,0,0,1,0.2605,0.0,154.2
9,142,0,0,1,0.2626666666666667,0.0,165.0
9,143,0,0,1,0.2648333333333333,0.0,145.54098360655738
9,144,0,0,1,0.267,0.0,160.36666666666667
9,145,0,0,1,0.2691666666666667,0.0,150.33333333333334
9,146,0,0,1,0.2713333333333333,0.0,150.77966101694915
9,147,0,0,1,0.2735,0.0,151.2
9,148,0,0,1,0.2756666666666667,0.0,178.2
9,149,0,0,1,0.2778333333333334,0.0,179.4
9,150,0,0,1,0.28,0.0,195.6
9,151,0,0,1,0.2805,0.0,204.8
9,152,0,0,1,0.281,0.0,233.2
9,153,0,0,1,0.2815,0.0,238.4
9,154,0,0,1,0.282,0.0,214.0
9,155,0,0,1,0.2825,0.0,218.4
9,156,0,0,1,0.283,0.0,242.6
9,157,0,0,1,0.2835,0.0,268.0
9,158,0,0,1,0.284,0.0,263.55737704918033
9,159,0,0,1,0.2845,0.0,248.46666666666667
9,160,0,0,1,0.285,0.0,225.41666666666663
9,161,0,0,1,0.2855,0.0,234.88333333333333
9,162,0,0,1,0.286,0.0,225.6833333333333
9,163,0,0,1,0.2865,0.0,218.86666666666667
9,164,0,0,1,0.287,0.0,200.76666666666668
9,165,0,0,1,0.2875,0.0,228.9
9,166,0,0,1,0.288,0.0,236.4333333333333
9,167,0,0,1,0.2885,0.0,226.6
9,168,0,0,1,0.289,0.0,220.08333333333331
9,169,0,0,1,0.2895,0.0,261.3
9,170,0,0,1,0.29,0.0,265.95
9,171,0,0,1,0.2905,0.0,264.0
9,172,0,0,1,0.291,0.0,267.9166666666667
9,173,0,0,1,0.2915,0.0,253.59016393442624
9,174,0,0,1,0.292,0.0,255.9
9,175,0,0,1,0.2925,0.0,227.33333333333331
9,176,0,0,1,0.293,0.0,250.96666666666667
9,177,0,0,1,0.2935,0.0,251.03333333333333
9,178,0,0,1,0.294,0.0,212.7333333333333
9,179,0,0,1,0.2945,0.0,212.7333333333333
9,180,0,0,1,0.295,0.0,209.86666666666667
9,181,0,0,1,0.2955,0.0,200.33333333333331
9,182,0,0,1,0.296,0.0,234.03333333333333
9,183,0,0,1,0.2965,0.0,221.2333333333333
9,184,0,0,1,0.297,0.0,201.7333333333333
9,185,0,0,1,0.2975,0.0,191.86666666666667
9,186,0,0,1,0.298,0.0,195.36666666666667
9,187,0,0,1,0.2985,0.0,193.16666666666663
9,188,0,0,1,0.299,0.0,187.4
9,189,0,0,1,0.2995,0.0,170.66666666666666
9,190,0,0,1,0.3,0.0,169.01639344262296
9,191,0,0,1,0.3005,0.0,196.25
9,192,0,0,1,0.301,0.0,202.0
9,193,0,0,1,0.3015,0.0,189.75
9,194,0,0,1,0.302,0.0,175.5
9,195,0,0,1,0.3025,0.0,149.5
9,196,0,0,1,0.303,0.0,145.0
9,197,0,0,1,0.3035,0.0,149.0
9,198,0,0,1,0.304,0.0,164.25
9,199,0,0,1,0.3045,0.0,181.0
9,200,0,0,1,0.305,0.0,188.75
9,201,0,0,1,0.3055,0.0,192.25
9,202,0,0,1,0.306,0.0,193.0
9,203,0,0,1,0.3065,0.0,190.0
9,204,0,0,1,0.307,0.0,183.0
9,205,0,0,1,0.3075,0.0,204.6065573770492
9,206,0,0,1,0.308,0.0,210.8
9,207,0,0,1,0.3084999999999999,0.0,203.4
9,208,0,0,1,0.309,0.0,200.63333333333333
9,209,0,0,1,0.3095,0.0,200.13333333333333
9,210,0,0,1,0.31,0.0,195.6
9,211,0,0,1,0.3091666666666667,0.0,168.33333333333334
9,212,0,0,1,0.3083333333333333,0.0,157.53333333333333
9,213,0,0,1,0.3075,0.0,168.73333333333332
9,214,0,0,1,0.3066666666666666,0.0,178.86666666666667
9,215,0,0,1,0.3058333333333333,0.0,175.13333333333333
9,216,0,0,1,0.3049999999999999,0.0,168.6
9,217,0,0,1,0.3041666666666666,0.0,163.33333333333334
9,218,0,0,1,0.3033333333333334,0.0,165.66666666666666
9,219,0,0,1,0.3025,0.0,206.6
9,220,0,0,1,0.3016666666666667,0.0,222.46666666666667
9,221,0,0,1,0.3008333333333333,0.0,246.80327868852456
9,222,0,0,1,0.3,0.0,235.9333333333333
9,223,0,0,1,0.2991666666666666,0.0,212.95
9,224,0,0,1,0.2983333333333333,0.0,214.88333333333333
9,225,0,0,1,0.2975,0.0,220.15
9,226,0,0,1,0.2966666666666667,0.0,217.41666666666663
9,227,0,0,1,0.2958333333333333,0.0,194.5
9,228,0,0,1,0.295,0.0,178.83333333333334
9,229,0,0,1,0.2941666666666666,0.0,182.45
9,230,0,0,1,0.2933333333333333,0.0,186.4333333333333
9,231,0,0,1,0.2925,0.0,267.9833333333333
9,232,0,0,1,0.2916666666666667,0.0,279.21666666666664
9,233,0,0,1,0.2908333333333334,0.0,283.18333333333334
9,234,0,0,1,0.29,0.0,317.3833333333333
9,235,0,0,1,0.2891666666666667,0.0,316.81666666666666
9,236,0,0,1,0.2883333333333333,0.0,304.1166666666667
9,237,0,0,1,0.2875,0.0,301.0
9,238,0,0,1,0.2866666666666667,0.0,282.8
9,239,0,0,1,0.2858333333333333,0.0,265.9
9,240,0,0,1,0.285,0.0,244.5
9,241,0,0,1,0.2841666666666667,0.0,213.9
9,242,0,0,1,0.2833333333333333,0.0,183.7
9,243,0,0,1,0.2825,0.0,164.5
9,244,0,0,1,0.2816666666666666,0.0,147.4
9,245,0,0,1,0.2808333333333334,0.0,185.4
9,246,0,0,1,0.2799999999999999,0.0,243.2
9,247,0,0,1,0.2791666666666667,0.0,276.1
9,248,0,0,1,0.2783333333333334,0.0,292.8
9,249,0,0,1,0.2774999999999999,0.0,290.0
9,250,0,0,1,0.2766666666666666,0.0,288.4
9,251,0,0,1,0.2758333333333333,0.0,261.7
9,252,0,0,1,0.275,0.0,201.11475409836063
9,253,0,0,1,0.2741666666666666,0.0,217.26666666666668
9,254,0,0,1,0.2733333333333334,0.0,245.25
9,255,0,0,1,0.2725,0.0,267.0833333333333
9,256,0,0,1,0.2716666666666666,0.0,276.3666666666667
9,257,0,0,1,0.2708333333333333,0.0,271.53333333333336
9,258,0,0,1,0.2699999999999999,0.0,266.26666666666665
9,259,0,0,1,0.2691666666666666,0.0,272.51666666666665
9,260,0,0,1,0.2683333333333333,0.0,286.25
9,261,0,0,1,0.2675,0.0,270.5
9,262,0,0,1,0.2666666666666666,0.0,258.26666666666665
9,263,0,0,1,0.2658333333333333,0.0,242.65
9,264,0,0,1,0.265,0.0,251.03333333333333
9,265,0,0,1,0.2641666666666667,0.0,242.96666666666667
9,266,0,0,1,0.2633333333333333,0.0,234.63333333333333
9,267,0,0,1,0.2625,0.0,234.6833333333333
9,268,0,0,1,0.2616666666666666,0.0,261.65
9,269,0,0,1,0.2608333333333333,0.0,271.26666666666665
9,270,0,0,1,0.26,0.0,286.4
9,271,0,0,1,0.2605,0.0,289.21666666666664
9,272,0,0,1,0.261,0.0,292.37704918032784
9,273,0,0,1,0.2615,0.0,273.6666666666667
9,274,0,0,1,0.262,0.0,253.0
9,275,0,0,1,0.2625,0.0,228.0
9,276,0,0,1,0.263,0.0,239.33333333333331
9,277,0,0,1,0.2635,0.0,275.3333333333333
9,278,0,0,1,0.264,0.0,285.3333333333333
9,279,0,0,1,0.2645,0.0,280.6666666666667
9,280,0,0,1,0.265,0.0,276.3333333333333
9,281,0,0,1,0.2655,0.0,279.0
9,282,0,0,1,0.266,0.0,280.3333333333333
9,283,0,0,1,0.2665,0.0,279.3333333333333
9,284,0,0,1,0.267,0.0,273.0
9,285,0,0,1,0.2675,0.0,268.6666666666667
9,286,0,0,1,0.268,0.0,270.6666666666667
9,287,0,0,1,0.2685,0.0,278.0
9,288,0,0,1,0.269,0.0,275.0983606557377
9,289,0,0,1,0.2695,0.0,278.5
9,290,0,0,1,0.2699999999999999,0.0,281.35
9,291,0,0,1,0.2705,0.0,278.4
9,292,0,0,1,0.271,0.0,290.65
9,293,0,0,1,0.2714999999999999,0.0,288.9
9,294,0,0,1,0.272,0.0,281.4
9,295,0,0,1,0.2724999999999999,0.0,280.65
9,296,0,0,1,0.2729999999999999,0.0,282.3
9,297,0,0,1,0.2735,0.0,288.2
9,298,0,0,1,0.2739999999999999,0.0,273.45
9,299,0,0,1,0.2744999999999999,0.0,286.75
9,300,0,0,1,0.275,0.0,291.2
9,301,0,0,1,0.2755,0.0,298.7
9,302,0,0,1,0.2759999999999999,0.0,337.5
9,303,0,0,1,0.2765,0.0,342.21311475409834
9,304,0,0,1,0.2769999999999999,0.0,355.9
9,305,0,0,1,0.2774999999999999,0.0,346.46666666666664
9,306,0,0,1,0.2779999999999999,0.0,308.6666666666667
9,307,0,0,1,0.2785,0.0,304.1333333333333
9,308,0,0,1,0.279,0.0,291.0
9,309,0,0,1,0.2794999999999999,0.0,283.1666666666667
9,310,0,0,1,0.28,0.0,278.03333333333336
9,311,0,0,1,0.2804999999999999,0.0,284.1333333333333
9,312,0,0,1,0.2809999999999999,0.0,270.3666666666667
9,313,0,0,1,0.2815,0.0,236.2
9,314,0,0,1,0.282,0.0,242.63333333333333
9,315,0,0,1,0.2825,0.0,276.8
9,316,0,0,1,0.283,0.0,288.7333333333333
9,317,0,0,1,0.2835,0.0,279.1333333333333
9,318,0,0,1,0.284,0.0,277.11475409836066
9,319,0,0,1,0.2845,0.0,264.81666666666666
9,320,0,0,1,0.285,0.0,256.6166666666667
9,321,0,0,1,0.2855,0.0,261.31666666666666
9,322,0,0,1,0.2859999999999999,0.0,258.45
9,323,0,0,1,0.2865,0.0,261.1666666666667
9,324,0,0,1,0.287,0.0,258.21666666666664
9,325,0,0,1,0.2875,0.0,262.6333333333333
9,326,0,0,1,0.288,0.0,260.6
9,327,0,0,1,0.2885,0.0,264.6333333333333
9,328,0,0,1,0.289,0.0,278.6333333333333
9,329,0,0,1,0.2895,0.0,271.05
9,330,0,0,1,0.29,0.0,263.6166666666667
9,331,0,0,1,0.2883333333333333,0.0,273.25
9,332,0,0,1,0.2866666666666667,0.0,246.85245901639345
9,333,0,0,1,0.285,0.0,222.4
9,334,0,0,1,0.2833333333333333,0.0,226.0
9,335,0,0,1,0.2816666666666666,0.0,219.8
9,336,0,0,1,0.2799999999999999,0.0,222.0
9,337,0,0,1,0.2783333333333333,0.0,198.0
9,338,0,0,1,0.2766666666666666,0.0,199.0
9,339,0,0,1,0.275,0.0,178.2
9,340,0,0,1,0.2733333333333333,0.0,174.8
9,341,0,0,1,0.2716666666666666,0.0,183.8
9,342,0,0,1,0.2699999999999999,0.0,172.6
9,343,0,0,1,0.2683333333333333,0.0,171.2
9,344,0,0,1,0.2666666666666666,0.0,150.0
9,345,0,0,1,0.2649999999999999,0.0,126.2
9,346,0,0,1,0.2633333333333333,0.0,125.2
9,347,0,0,1,0.2616666666666666,0.0,120.32786885245902
9,348,0,0,1,0.26,0.0,110.91666666666669
9,349,0,0,1,0.2583333333333333,0.0,123.75
9,350,0,0,1,0.2566666666666666,0.0,116.33333333333331
9,351,0,0,1,0.255,0.0,102.41666666666669
9,352,0,0,1,0.2533333333333333,0.0,96.16666666666669
9,353,0,0,1,0.2516666666666666,0.0,85.0
9,354,0,0,1,0.25,0.0,72.41666666666667
9,355,0,0,1,0.2483333333333333,0.0,84.5
9,356,0,0,1,0.2466666666666666,0.0,94.08333333333331
9,357,0,0,1,0.245,0.0,88.5
9,358,0,0,1,0.2433333333333333,0.0,79.0
9,359,0,0,1,0.2416666666666666,0.0,78.08333333333333
9,360,0,0,1,0.2399999999999999,0.0,72.83333333333333
9,361,0,0,1,0.2383333333333333,0.0,60.0
9,362,0,0,1,0.2366666666666666,0.0,55.583333333333336
9,363,0,0,1,0.235,0.0,52.5
9,364,0,0,1,0.2333333333333333,0.0,57.459016393442624
9,365,0,0,1,0.2316666666666666,0.0,62.43333333333333
9,366,0,0,1,0.2299999999999999,0.0,70.5
9,367,0,0,1,0.2283333333333333,0.0,75.86666666666666
9,368,0,0,1,0.2266666666666666,0.0,72.73333333333333
9,369,0,0,1,0.225,0.0,65.33333333333333
9,370,0,0,1,0.2233333333333333,0.0,57.6
9,371,0,0,1,0.2216666666666666,0.0,62.36666666666667
9,372,0,0,1,0.22,0.0,64.03333333333333
9,373,0,0,1,0.2183333333333333,0.0,65.53333333333333
9,374,0,0,1,0.2166666666666666,0.0,66.16666666666667
9,375,0,0,1,0.215,0.0,65.7
9,376,0,0,1,0.2133333333333333,0.0,61.333333333333336
9,377,0,0,1,0.2116666666666666,0.0,62.1
9,378,0,0,1,0.21,0.0,63.16666666666666
9,379,0,0,1,0.2083333333333333,0.0,59.86666666666667
9,380,0,0,1,0.2066666666666666,0.0,57.32786885245902
9,381,0,0,1,0.205,0.0,61.5
9,382,0,0,1,0.2033333333333333,0.0,62.7
9,383,0,0,1,0.2016666666666666,0.0,60.0
9,384,0,0,1,0.2,0.0,55.6
9,385,0,0,1,0.1983333333333333,0.0,54.79661016949152
9,386,0,0,1,0.1966666666666666,0.0,54.16666666666666
9,387,0,0,1,0.1949999999999999,0.0,49.16666666666666
9,388,0,0,1,0.1933333333333333,0.0,48.7
9,389,0,0,1,0.1916666666666666,0.0,54.53333333333333
9,390,0,0,1,0.19,0.0,55.73333333333333
9,391,0,0,1,0.189,0.0,54.0
9,392,0,0,1,0.188,0.0,56.266666666666666
9,393,0,0,1,0.187,0.0,58.56666666666667
9,394,0,0,1,0.186,0.0,60.13333333333333
9,395,0,0,1,0.185,0.0,57.03333333333333
9,396,0,0,1,0.184,0.0,53.44262295081968
9,397,0,0,1,0.183,0.0,48.6
9,398,0,0,1,0.182,0.0,38.4
9,399,0,0,1,0.181,0.0,38.5
9,400,0,0,1,0.18,0.0,45.2
9,401,0,0,1,0.179,0.0,49.75
9,402,0,0,1,0.178,0.0,55.85
9,403,0,0,1,0.177,0.0,51.3
9,404,0,0,1,0.176,0.0,45.55
9,405,0,0,1,0.175,0.0,50.4
9,406,0,0,1,0.174,0.0,48.5
9,407,0,0,1,0.173,0.0,44.55
9,408,0,0,1,0.172,0.0,47.75
9,409,0,0,1,0.1709999999999999,0.0,46.7
9,410,0,0,1,0.1699999999999999,0.0,46.2
9,411,0,0,1,0.169,0.0,48.55
9,412,0,0,1,0.168,0.0,47.377049180327866
9,413,0,0,1,0.1669999999999999,0.0,39.6
9,414,0,0,1,0.166,0.0,37.73333333333333
9,415,0,0,1,0.165,0.0,49.53333333333333
9,416,0,0,1,0.164,0.0,49.0
9,417,0,0,1,0.163,0.0,39.86666666666667
9,418,0,0,1,0.162,0.0,41.2
9,419,0,0,1,0.161,0.0,44.0
9,420,0,0,1,0.16,0.0,45.6
9,421,0,0,1,0.1589999999999999,0.0,43.8
9,422,0,0,1,0.158,0.0,41.0
9,423,0,0,1,0.157,0.0,39.4
9,424,0,0,1,0.156,0.0,38.0
9,425,0,0,1,0.155,0.0,39.6
9,426,0,0,1,0.154,0.0,41.53333333333333
9,427,0,0,1,0.153,0.0,38.85245901639344
9,428,0,0,1,0.152,0.0,38.06666666666667
9,429,0,0,1,0.151,0.0,47.75
9,430,0,0,1,0.15,0.0,51.9
9,431,0,0,1,0.149,0.0,50.55
9,432,0,0,1,0.148,0.0,55.61666666666667
9,433,0,0,1,0.147,0.0,54.35
9,434,0,0,1,0.146,0.0,53.1
9,435,0,0,1,0.145,0.0,58.06666666666667
9,436,0,0,1,0.144,0.0,53.28333333333333
9,437,0,0,1,0.143,0.0,48.55
9,438,0,0,1,0.142,0.0,45.86666666666667
9,439,0,0,1,0.141,0.0,35.28333333333333
9,440,0,0,1,0.14,0.0,35.2
9,441,0,0,1,0.1389999999999999,0.0,38.93333333333333
9,442,0,0,1,0.1379999999999999,0.0,34.93333333333333
9,443,0,0,1,0.137,0.0,35.032786885245905
9,444,0,0,1,0.136,0.0,37.5
9,445,0,0,1,0.1349999999999999,0.0,42.0
9,446,0,0,1,0.134,0.0,42.0
9,447,0,0,1,0.133,0.0,38.0
9,448,0,0,1,0.132,0.0,41.0
9,449,0,0,1,0.131,0.0,42.0
9,450,0,0,1,0.13,0.0,41.5
9,451,0,0,1,0.129,0.0,41.0
9,452,0,0,1,0.128,0.0,37.5
9,453,0,0,1,0.127,0.0,38.5
9,454,0,0,1,0.126,0.0,42.0
9,455,0,0,1,0.125,0.0,32.0
9,456,0,0,1,0.124,0.0,22.0
9,457,0,0,1,0.123,0.0,24.5
9,458,0,0,1,0.122,0.0,23.0
9,459,0,0,1,0.121,0.0,21.5
9,460,0,0,1,0.12,0.0,23.0
9,461,0,0,1,0.119,0.0,21.066666666666663
9,462,0,0,1,0.118,0.0,17.55
9,463,0,0,1,0.117,0.0,16.483333333333334
9,464,0,0,1,0.116,0.0,16.033333333333335
9,465,0,0,1,0.115,0.0,15.483333333333333
9,466,0,0,1,0.114,0.0,14.066666666666666
9,467,0,0,1,0.113,0.0,13.933333333333334
9,468,0,0,1,0.112,0.0,16.0
9,469,0,0,1,0.111,0.0,19.866666666666667
9,470,0,0,1,0.11,0.0,19.65
9,471,0,0,1,0.109,0.0,16.933333333333334
9,472,0,0,1,0.108,0.0,23.35
9,473,0,0,1,0.107,0.0,27.516666666666666
9,474,0,0,1,0.106,0.0,24.1
9,475,0,0,1,0.105,0.0,16.24590163934426
9,476,0,0,1,0.104,0.0,6.333333333333333
9,477,0,0,1,0.103,0.0,1.0
9,478,0,0,1,0.102,0.0,2.8666666666666667
9,479,0,0,1,0.101,0.0,6.866666666666666
9,480,0,0,1,0.1,0.0,8.533333333333333
9,481,0,0,1,0.099,0.0,4.266666666666667
9,482,0,0,1,0.098,0.0,2.333333333333333
9,483,0,0,1,0.097,0.0,5.933333333333334
9,484,0,0,1,0.096,0.0,8.4
9,485,0,0,1,0.095,0.0,7.2
9,486,0,0,1,0.094,0.0,4.933333333333334
9,487,0,0,1,0.093,0.0,3.2
9,488,0,0,1,0.092,0.0,0.9333333333333332
9,489,0,0,1,0.091,0.0,1.0666666666666669
9,490,0,0,1,0.09,0.0,0.0
9,491,0,0,1,0.089,0.0,0.0
9,492,0,0,1,0.088,0.0,0.0
9,493,0,0,1,0.087,0.0,0.0
9,494,0,0,1,0.086,0.0,0.0
9,495,0,0,1,0.085,0.0,0.0
9,496,0,0,1,0.084,0.0,0.0
9,497,0,0,1,0.083,0.0,0.0
9,498,0,0,1,0.082,0.0,0.0
9,499,0,0,1,0.081,0.0,0.0
9,500,0,0,1,0.08,0.0,0.0
9,501,0,0,1,0.079,0.0,0.0
9,502,0,0,1,0.078,0.0,0.0
9,503,0,0,1,0.077,0.0,0.0
9,504,0,0,1,0.076,0.0,0.0
9,505,0,0,1,0.075,0.0,0.0
9,506,0,0,1,0.074,0.0,0.0
9,507,0,0,1,0.073,0.0,0.0
9,508,0,0,1,0.072,0.0,0.0
9,509,0,0,1,0.071,0.0,0.0
9,510,0,0,1,0.07,0.0,0.0
9,511,0,0,1,0.0691666666666666,0.0,0.0
9,512,0,0,1,0.0683333333333333,0.0,0.0
9,513,0,0,1,0.0674999999999999,0.0,0.0
9,514,0,0,1,0.0666666666666666,0.0,0.0
9,515,0,0,1,0.0658333333333333,0.0,0.0
9,516,0,0,1,0.065,0.0,0.0
9,517,0,0,1,0.0641666666666666,0.0,0.0
9,518,0,0,1,0.0633333333333333,0.0,0.0
9,519,0,0,1,0.0625,0.0,0.0
9,520,0,0,1,0.0616666666666666,0.0,0.0
9,521,0,0,1,0.0608333333333333,0.0,0.0
9,522,0,0,1,0.06,0.0,0.0
9,523,0,0,1,0.0591666666666666,0.0,0.0
9,524,0,0,1,0.0583333333333333,0.0,0.0
9,525,0,0,1,0.0575,0.0,0.0
9,526,0,0,1,0.0566666666666666,0.0,0.0
9,527,0,0,1,0.0558333333333333,0.0,0.0
9,528,0,0,1,0.055,0.0,0.0
9,529,0,0,1,0.0541666666666666,0.0,0.0
9,530,0,0,1,0.0533333333333333,0.0,0.0
9,531,0,0,1,0.0525,0.0,0.0
9,532,0,0,1,0.0516666666666666,0.0,0.0
9,533,0,0,1,0.0508333333333333,0.0,0.0
9,534,0,0,1,0.05,0.0,0.0
9,535,0,0,1,0.0491666666666666,0.0,0.0
9,536,0,0,1,0.0483333333333333,0.0,0.0
9,537,0,0,1,0.0475,0.0,0.0
9,538,0,0,1,0.0466666666666666,0.0,0.0
9,539,0,0,1,0.0458333333333333,0.0,0.0
9,540,0,0,1,0.045,0.0,0.0
9,541,0,0,1,0.0441666666666666,0.0,0.0
9,542,0,0,1,0.0433333333333333,0.0,0.0
9,543,0,0,1,0.0425,0.0,0.0
9,544,0,0,1,0.0416666666666666,0.0,0.0
9,545,0,0,1,0.0408333333333333,0.0,0.0
9,546,0,0,1,0.04,0.0,0.0
9,547,0,0,1,0.0391666666666666,0.0,0.0
9,548,0,0,1,0.0383333333333333,0.0,0.0
9,549,0,0,1,0.0375,0.0,0.0
9,550,0,0,1,0.0366666666666666,0.0,0.0
9,551,0,0,1,0.0358333333333333,0.0,0.0
9,552,0,0,1,0.035,0.0,0.0
9,553,0,0,1,0.0341666666666666,0.0,0.0
9,554,0,0,1,0.0333333333333333,0.0,0.0
9,555,0,0,1,0.0325,0.0,0.0
9,556,0,0,1,0.0316666666666666,0.0,0.0
9,557,0,0,1,0.0308333333333333,0.0,0.0
9,558,0,0,1,0.03,0.0,0.0
9,559,0,0,1,0.0291666666666666,0.0,0.0
9,560,0,0,1,0.0283333333333333,0.0,0.0
9,561,0,0,1,0.0275,0.0,0.0
9,562,0,0,1,0.0266666666666666,0.0,0.0
9,563,0,0,1,0.0258333333333333,0.0,0.0
9,564,0,0,1,0.025,0.0,0.0
9,565,0,0,1,0.0241666666666666,0.0,0.0
9,566,0,0,1,0.0233333333333333,0.0,0.0
9,567,0,0,1,0.0225,0.0,0.0
9,568,0,0,1,0.0216666666666666,0.0,0.0
9,569,0,0,1,0.0208333333333333,0.0,0.0
9,570,0,0,1,0.02,0.0,0.0
9,571,0,0,1,0.0196666666666666,0.0,0.0
9,572,0,0,1,0.0193333333333333,0.0,0.0
9,573,0,0,1,0.019,0.0,0.0
9,574,0,0,1,0.0186666666666666,0.0,0.0
9,575,0,0,1,0.0183333333333333,0.0,0.0
9,576,0,0,1,0.018,0.0,0.0
9,577,0,0,1,0.0176666666666666,0.0,0.0
9,578,0,0,1,0.0173333333333333,0.0,0.0
9,579,0,0,1,0.017,0.0,0.0
9,580,0,0,1,0.0166666666666666,0.0,0.0
9,581,0,0,1,0.0163333333333333,0.0,0.0
9,582,0,0,1,0.016,0.0,0.0
9,583,0,0,1,0.0156666666666666,0.0,0.0
9,584,0,0,1,0.0153333333333333,0.0,0.0
9,585,0,0,1,0.015,0.0,0.0
9,586,0,0,1,0.0146666666666666,0.0,0.0
9,587,0,0,1,0.0143333333333333,0.0,0.0
9,588,0,0,1,0.014,0.0,0.0
9,589,0,0,1,0.0136666666666666,0.0,0.0
9,590,0,0,1,0.0133333333333333,0.0,0.0
9,591,0,0,1,0.013,0.0,0.0
9,592,0,0,1,0.0126666666666666,0.0,0.0
9,593,0,0,1,0.0123333333333333,0.0,0.0
9,594,0,0,1,0.012,0.0,0.0
9,595,0,0,1,0.0116666666666666,0.0,0.0
9,596,0,0,1,0.0113333333333333,0.0,0.0
9,597,0,0,1,0.011,0.0,0.0
9,598,0,0,1,0.0106666666666666,0.0,0.0
9,599,0,0,1,0.0103333333333333,0.0,0.0
9,600,0,0,1,0.01,0.0,0.0
9,601,0,0,1,0.0096666666666666,0.0,0.0
9,602,0,0,1,0.0093333333333333,0.0,0.0
9,603,0,0,1,0.009,0.0,0.0
9,604,0,0,1,0.0086666666666666,0.0,0.0
9,605,0,0,1,0.0083333333333333,0.0,0.0
9,606,0,0,1,0.008,0.0,0.0
9,607,0,0,1,0.0076666666666666,0.0,0.0
9,608,0,0,1,0.0073333333333333,0.0,0.0
9,609,0,0,1,0.007,0.0,0.0
9,610,0,0,1,0.0066666666666666,0.0,0.0
9,611,0,0,1,0.0063333333333333,0.0,0.0
9,612,0,0,1,0.006,0.0,0.0
9,613,0,0,1,0.0056666666666666,0.0,0.0
9,614,0,0,1,0.0053333333333333,0.0,0.0
9,615,0,0,1,0.005,0.0,0.0
9,616,0,0,1,0.0046666666666666,0.0,0.0
9,617,0,0,1,0.0043333333333333,0.0,0.0
9,618,0,0,1,0.004,0.0,0.0
9,619,0,0,1,0.0036666666666666,0.0,0.0
9,620,0,0,1,0.0033333333333333,0.0,0.0
9,621,0,0,1,0.003,0.0,0.0
9,622,0,0,1,0.0026666666666666,0.0,0.0
9,623,0,0,1,0.0023333333333333,0.0,0.0
9,624,0,0,1,0.002,0.0,0.0
9,625,0,0,1,0.0016666666666666,0.0,0.0
9,626,0,0,1,0.0013333333333333,0.0,0.0
9,627,0,0,1,0.001,0.0,0.0
9,628,0,0,1,0.0006666666666666,0.0,0.0
9,629,0,0,1,0.0003333333333333,0.0,0.0
9,630,0,0,1,0.0,0.0,0.0
9,631,0,0,1,0.0,0.0,0.0
9,632,0,0,1,0.0,0.0,0.0
9,633,0,0,1,0.0,0.0,0.0
9,634,0,0,1,0.0,0.0,0.0
9,635,0,0,1,0.0,0.0,0.0
9,636,0,0,1,0.0,0.0,0.0
9,637,0,0,1,0.0,0.0,0.0
9,638,0,0,1,0.0,0.0,0.0
9,639,0,0,1,0.0,0.0,0.0
9,640,0,0,1,0.0,0.0,0.0
9,641,0,0,1,0.0,0.0,0.0
9,642,0,0,1,0.0,0.0,0.0
9,643,0,0,1,0.0,0.0,0.0
9,644,0,0,1,0.0,0.0,0.0
9,645,0,0,1,0.0,0.0,0.0
9,646,0,0,1,0.0,0.0,0.0
9,647,0,0,1,0.0,0.0,0.0
9,648,0,0,1,0.0,0.0,0.0
9,649,0,0,1,0.0,0.0,0.0
9,650,0,0,1,0.0,0.0,0.0
9,651,0,0,1,0.0,0.0,0.0
9,652,0,0,1,0.0,0.0,0.0
9,653,0,0,1,0.0,0.0,0.0
9,654,0,0,1,0.0,0.0,0.0
9,655,0,0,1,0.0,0.0,0.0
9,656,0,0,1,0.0,0.0,0.0
9,657,0,0,1,0.0,0.0,0.0
9,658,0,0,1,0.0,0.0,0.0
9,659,0,0,1,0.0,0.0,0.0
12,0,0,0,1,0.155,0.0,39.11666666666667
12,1,0,0,1,0.1588333333333333,0.0,58.25
12,2,0,0,1,0.1626666666666666,0.0,59.23333333333333
12,3,0,0,1,0.1665,0.0,57.8
12,4,0,0,1,0.1703333333333333,0.0,69.70491803278688
12,5,0,0,1,0.1741666666666667,0.0,73.2
12,6,0,0,1,0.178,0.0,37.333333333333336
12,7,0,0,1,0.1818333333333333,0.0,41.06666666666667
12,8,0,0,1,0.1856666666666667,0.0,113.2
12,9,0,0,1,0.1895,0.0,117.73333333333332
12,10,0,0,1,0.1933333333333333,0.0,95.13333333333334
12,11,0,0,1,0.1971666666666666,0.0,124.33333333333331
12,12,0,0,1,0.201,0.0,136.06666666666666
12,13,0,0,1,0.2048333333333333,0.0,120.4
12,14,0,0,1,0.2086666666666667,0.0,145.8
12,15,0,0,1,0.2125,0.0,182.8
12,16,0,0,1,0.2163333333333333,0.0,195.86666666666667
12,17,0,0,1,0.2201666666666666,0.0,194.26666666666668
12,18,0,0,1,0.224,0.0,200.7333333333333
12,19,0,0,1,0.2278333333333333,0.0,224.66666666666663
12,20,0,0,1,0.2316666666666666,0.0,227.7333333333333
12,21,0,0,1,0.2355,0.0,217.37704918032787
12,22,0,0,1,0.2393333333333333,0.0,207.3
12,23,0,0,1,0.2431666666666666,0.0,188.5
12,24,0,0,1,0.247,0.0,184.8
12,25,0,0,1,0.2508333333333333,0.0,197.35
12,26,0,0,1,0.2546666666666667,0.0,199.0169491525424
12,27,0,0,1,0.2585,0.0,194.4
12,28,0,0,1,0.2623333333333333,0.0,203.53333333333333
12,29,0,0,1,0.2661666666666666,0.0,217.9333333333333
12,30,0,0,1,0.2700000000000001,0.0,125.33333333333331
12,31,0,0,1,0.2726666666666667,0.0,108.26666666666668
12,32,0,0,1,0.2753333333333333,0.0,239.46666666666667
12,33,0,0,1,0.2779999999999999,0.0,242.4
12,34,0,0,1,0.2806666666666667,0.0,245.33333333333331
12,35,0,0,1,0.2833333333333333,0.0,259.26666666666665
12,36,0,0,1,0.2860000000000001,0.0,271.8666666666667
12,37,0,0,1,0.2886666666666667,0.0,265.4754098360656
12,38,0,0,1,0.2913333333333333,0.0,277.95
12,39,0,0,1,0.294,0.0,327.35
12,40,0,0,1,0.2966666666666667,0.0,320.65
12,41,0,0,1,0.2993333333333333,0.0,289.8
12,42,0,0,1,0.302,0.0,275.6
12,43,0,0,1,0.3046666666666667,0.0,275.75
12,44,0,0,1,0.3073333333333333,0.0,276.8
12,45,0,0,1,0.31,0.0,277.0
12,46,0,0,1,0.3126666666666667,0.0,287.1
12,47,0,0,1,0.3153333333333333,0.0,282.85
12,48,0,0,1,0.3179999999999999,0.0,283.5
12,49,0,0,1,0.3206666666666667,0.0,293.95
12,50,0,0,1,0.3233333333333333,0.0,298.65
12,51,0,0,1,0.326,0.0,273.6
12,52,0,0,1,0.3286666666666666,0.0,294.95
12,53,0,0,1,0.3313333333333333,0.0,325.0163934426229
12,54,0,0,1,0.3339999999999999,0.0,279.5
12,55,0,0,1,0.3366666666666667,0.0,270.1333333333333
12,56,0,0,1,0.3393333333333333,0.0,269.43333333333334
12,57,0,0,1,0.3419999999999999,0.0,275.2
12,58,0,0,1,0.3446666666666667,0.0,277.2333333333333
12,59,0,0,1,0.3473333333333334,0.0,273.1666666666667
12,60,0,0,1,0.35,0.0,274.26666666666665
12,61,0,0,1,0.3526666666666667,0.0,266.3666666666667
12,62,0,0,1,0.3553333333333333,0.0,265.5
12,63,0,0,1,0.358,0.0,274.8666666666667
12,64,0,0,1,0.3606666666666667,0.0,277.7333333333333
12,65,0,0,1,0.3633333333333333,0.0,280.43333333333334
12,66,0,0,1,0.366,0.0,289.6666666666667
12,67,0,0,1,0.3686666666666667,0.0,307.5
12,68,0,0,1,0.3713333333333333,0.0,344.1666666666667
12,69,0,0,1,0.3739999999999999,0.0,373.327868852459
12,70,0,0,1,0.3766666666666667,0.0,371.75
12,71,0,0,1,0.3793333333333333,0.0,388.5833333333333
12,72,0,0,1,0.3819999999999999,0.0,403.3333333333333
12,73,0,0,1,0.3846666666666666,0.0,408.75
12,74,0,0,1,0.3873333333333333,0.0,391.25
12,75,0,0,1,0.39,0.0,376.5
12,76,0,0,1,0.3926666666666667,0.0,371.75
12,77,0,0,1,0.3953333333333333,0.0,360.8333333333333
12,78,0,0,1,0.398,0.0,340.0833333333333
12,79,0,0,1,0.4006666666666666,0.0,326.9166666666667
12,80,0,0,1,0.4033333333333333,0.0,288.1666666666667
12,81,0,0,1,0.4059999999999999,0.0,238.41666666666663
12,82,0,0,1,0.4086666666666667,0.0,272.3333333333333
12,83,0,0,1,0.4113333333333333,0.0,254.41666666666663
12,84,0,0,1,0.414,0.0,225.66666666666663
12,85,0,0,1,0.4166666666666667,0.0,290.6885245901639
12,86,0,0,1,0.4193333333333333,0.0,256.8
12,87,0,0,1,0.4219999999999999,0.0,256.0
12,88,0,0,1,0.4246666666666667,0.0,264.0
12,89,0,0,1,0.4273333333333333,0.0,275.0
12,90,0,0,1,0.43,0.0,278.2
12,91,0,0,1,0.4286666666666667,0.0,265.8
12,92,0,0,1,0.4273333333333333,0.0,270.2
12,93,0,0,1,0.426,0.0,276.6
12,94,0,0,1,0.4246666666666666,0.0,293.8
12,95,0,0,1,0.4233333333333333,0.0,321.2
12,96,0,0,1,0.422,0.0,300.2
12,97,0,0,1,0.4206666666666666,0.0,256.6
12,98,0,0,1,0.4193333333333333,0.0,249.6
12,99,0,0,1,0.418,0.0,244.8
12,100,0,0,1,0.4166666666666667,0.0,244.0
12,101,0,0,1,0.4153333333333334,0.0,230.0
12,102,0,0,1,0.414,0.0,215.98360655737704
12,103,0,0,1,0.4126666666666667,0.0,190.56666666666663
12,104,0,0,1,0.4113333333333333,0.0,175.46666666666667
12,105,0,0,1,0.41,0.0,171.46666666666667
12,106,0,0,1,0.4086666666666666,0.0,168.61666666666667
12,107,0,0,1,0.4073333333333332,0.0,175.66666666666666
12,108,0,0,1,0.4059999999999999,0.0,185.31666666666663
12,109,0,0,1,0.4046666666666666,0.0,179.08333333333334
12,110,0,0,1,0.4033333333333333,0.0,226.21666666666667
12,111,0,0,1,0.4019999999999999,0.0,271.7333333333333
12,112,0,0,1,0.4006666666666666,0.0,231.4833333333333
12,113,0,0,1,0.3993333333333334,0.0,269.5
12,114,0,0,1,0.3979999999999999,0.0,293.3666666666667
12,115,0,0,1,0.3966666666666666,0.0,295.4833333333333
12,116,0,0,1,0.3953333333333333,0.0,278.8666666666667
12,117,0,0,1,0.394,0.0,269.3833333333333
12,118,0,0,1,0.3926666666666666,0.0,268.8688524590164
12,119,0,0,1,0.3913333333333332,0.0,268.1
12,120,0,0,1,0.3899999999999999,0.0,266.3333333333333
12,121,0,0,1,0.3886666666666666,0.0,253.4
12,122,0,0,1,0.3873333333333333,0.0,239.06666666666663
12,123,0,0,1,0.3859999999999999,0.0,227.76666666666668
12,124,0,0,1,0.3846666666666666,0.0,208.56666666666663
12,125,0,0,1,0.3833333333333333,0.0,172.0
12,126,0,0,1,0.382,0.0,150.5
12,127,0,0,1,0.3806666666666666,0.0,173.86666666666667
12,128,0,0,1,0.3793333333333333,0.0,167.93333333333334
12,129,0,0,1,0.378,0.0,174.83333333333334
12,130,0,0,1,0.3766666666666667,0.0,180.9333333333333
12,131,0,0,1,0.3753333333333333,0.0,189.3
12,132,0,0,1,0.3739999999999999,0.0,198.66666666666663
12,133,0,0,1,0.3726666666666666,0.0,207.9333333333333
12,134,0,0,1,0.3713333333333333,0.0,209.39344262295083
12,135,0,0,1,0.37,0.0,195.65
12,136,0,0,1,0.3686666666666666,0.0,200.9
12,137,0,0,1,0.3673333333333333,0.0,244.75
12,138,0,0,1,0.3659999999999999,0.0,265.55
12,139,0,0,1,0.3646666666666666,0.0,276.1
12,140,0,0,1,0.3633333333333333,0.0,278.25
12,141,0,0,1,0.362,0.0,280.25
12,142,0,0,1,0.3606666666666667,0.0,289.65
12,143,0,0,1,0.3593333333333332,0.0,291.1
12,144,0,0,1,0.3579999999999999,0.0,292.2
12,145,0,0,1,0.3566666666666666,0.0,278.25
12,146,0,0,1,0.3553333333333333,0.0,264.1
12,147,0,0,1,0.354,0.0,262.05
12,148,0,0,1,0.3526666666666666,0.0,253.1
12,149,0,0,1,0.3513333333333333,0.0,254.2
12,150,0,0,1,0.35,0.0,241.3
12,151,0,0,1,0.3501666666666666,0.0,207.4
12,152,0,0,1,0.3503333333333333,0.0,167.21311475409837
12,153,0,0,1,0.3505,0.0,149.66666666666666
12,154,0,0,1,0.3506666666666666,0.0,132.33333333333334
12,155,0,0,1,0.3508333333333333,0.0,132.33333333333334
12,156,0,0,1,0.351,0.0,117.33333333333331
12,157,0,0,1,0.3511666666666666,0.0,113.66666666666669
12,158,0,0,1,0.3513333333333333,0.0,104.33333333333331
12,159,0,0,1,0.3514999999999999,0.0,87.0
12,160,0,0,1,0.3516666666666667,0.0,87.66666666666667
12,161,0,0,1,0.3518333333333333,0.0,83.66666666666667
12,162,0,0,1,0.352,0.0,78.0
12,163,0,0,1,0.3521666666666666,0.0,81.33333333333333
12,164,0,0,1,0.3523333333333333,0.0,65.0
12,165,0,0,1,0.3525,0.0,59.66666666666666
12,166,0,0,1,0.3526666666666666,0.0,60.66666666666666
12,167,0,0,1,0.3528333333333333,0.0,59.01639344262295
12,168,0,0,1,0.353,0.0,57.0
12,169,0,0,1,0.3531666666666666,0.0,54.78333333333333
12,170,0,0,1,0.3533333333333333,0.0,46.833333333333336
12,171,0,0,1,0.3535,0.0,46.016666666666666
12,172,0,0,1,0.3536666666666666,0.0,55.516666666666666
12,173,0,0,1,0.3538333333333333,0.0,49.583333333333336
12,174,0,0,1,0.354,0.0,52.05
12,175,0,0,1,0.3541666666666667,0.0,56.016666666666666
12,176,0,0,1,0.3543333333333333,0.0,67.41666666666667
12,177,0,0,1,0.3544999999999999,0.0,62.41666666666666
12,178,0,0,1,0.3546666666666667,0.0,58.68333333333333
12,179,0,0,1,0.3548333333333333,0.0,65.28333333333333
12,180,0,0,1,0.3549999999999999,0.0,83.21666666666667
12,181,0,0,1,0.3551666666666666,0.0,84.2
12,182,0,0,1,0.3553333333333333,0.0,76.31666666666666
12,183,0,0,1,0.3555,0.0,75.44262295081967
12,184,0,0,1,0.3556666666666667,0.0,78.9
12,185,0,0,1,0.3558333333333333,0.0,101.6
12,186,0,0,1,0.356,0.0,121.5
12,187,0,0,1,0.3561666666666666,0.0,132.9
12,188,0,0,1,0.3563333333333333,0.0,137.4
12,189,0,0,1,0.3565,0.0,148.7
12,190,0,0,1,0.3566666666666666,0.0,161.7
12,191,0,0,1,0.3568333333333333,0.0,167.9
12,192,0,0,1,0.357,0.0,183.1
12,193,0,0,1,0.3571666666666667,0.0,180.7
12,194,0,0,1,0.3573333333333333,0.0,202.5
12,195,0,0,1,0.3575,0.0,266.4
12,196,0,0,1,0.3576666666666666,0.0,285.2
12,197,0,0,1,0.3578333333333333,0.0,278.7
12,198,0,0,1,0.358,0.0,311.4
12,199,0,0,1,0.3581666666666667,0.0,326.9508196721312
12,200,0,0,1,0.3583333333333333,0.0,345.6166666666667
12,201,0,0,1,0.3585,0.0,384.6333333333333
12,202,0,0,1,0.3586666666666666,0.0,405.31666666666666
12,203,0,0,1,0.3588333333333333,0.0,385.23333333333335
12,204,0,0,1,0.359,0.0,349.5
12,205,0,0,1,0.3591666666666667,0.0,314.4
12,206,0,0,1,0.3593333333333333,0.0,268.76271186440675
12,207,0,0,1,0.3595,0.0,253.9
12,208,0,0,1,0.3596666666666666,0.0,291.2
12,209,0,0,1,0.3598333333333333,0.0,304.4
12,210,0,0,1,0.36,0.0,303.8
12,211,0,0,1,0.3581666666666666,0.0,319.3
12,212,0,0,1,0.3563333333333333,0.0,316.24590163934425
12,213,0,0,1,0.3545,0.0,328.53333333333336
12,214,0,0,1,0.3526666666666667,0.0,362.6666666666667
12,215,0,0,1,0.3508333333333333,0.0,424.81666666666666
12,216,0,0,1,0.349,0.0,436.7166666666666
12,217,0,0,1,0.3471666666666666,0.0,434.5833333333333
12,218,0,0,1,0.3453333333333333,0.0,421.9333333333333
12,219,0,0,1,0.3434999999999999,0.0,386.53333333333336
12,220,0,0,1,0.3416666666666667,0.0,346.5
12,221,0,0,1,0.3398333333333333,0.0,351.06666666666666
12,222,0,0,1,0.338,0.0,374.5
12,223,0,0,1,0.3361666666666666,0.0,263.8833333333333
12,224,0,0,1,0.3343333333333333,0.0,259.4
12,225,0,0,1,0.3324999999999999,0.0,266.3
12,226,0,0,1,0.3306666666666666,0.0,256.3333333333333
12,227,0,0,1,0.3288333333333332,0.0,240.01666666666668
12,228,0,0,1,0.3269999999999999,0.0,226.21666666666667
12,229,0,0,1,0.3251666666666666,0.0,166.0983606557377
12,230,0,0,1,0.3233333333333333,0.0,91.46666666666668
12,231,0,0,1,0.3215,0.0,152.26666666666668
12,232,0,0,1,0.3196666666666666,0.0,140.66666666666666
12,233,0,0,1,0.3178333333333333,0.0,133.53333333333333
12,234,0,0,1,0.316,0.0,107.2
12,235,0,0,1,0.3141666666666667,0.0,76.2
12,236,0,0,1,0.3123333333333333,0.0,118.0
12,237,0,0,1,0.3105,0.0,114.8
12,238,0,0,1,0.3086666666666666,0.0,105.2
12,239,0,0,1,0.3068333333333333,0.0,103.8
12,240,0,0,1,0.3049999999999999,0.0,110.0
12,241,0,0,1,0.3031666666666666,0.0,109.0
12,242,0,0,1,0.3013333333333333,0.0,76.53333333333333
12,243,0,0,1,0.2995,0.0,80.93333333333334
12,244,0,0,1,0.2976666666666666,0.0,88.73770491803279
12,245,0,0,1,0.2958333333333333,0.0,88.25
12,246,0,0,1,0.294,0.0,88.25
12,247,0,0,1,0.2921666666666667,0.0,87.25
12,248,0,0,1,0.2903333333333334,0.0,102.25
12,249,0,0,1,0.2885,0.0,136.25
12,250,0,0,1,0.2866666666666667,0.0,129.0
12,251,0,0,1,0.2848333333333333,0.0,105.25
12,252,0,0,1,0.283,0.0,105.0
12,253,0,0,1,0.2811666666666667,0.0,107.5
12,254,0,0,1,0.2793333333333333,0.0,126.25
12,255,0,0,1,0.2774999999999999,0.0,134.25
12,256,0,0,1,0.2756666666666666,0.0,148.0
12,257,0,0,1,0.2738333333333333,0.0,173.25
12,258,0,0,1,0.272,0.0,174.25
12,259,0,0,1,0.2701666666666666,0.0,214.0
12,260,0,0,1,0.2683333333333333,0.0,193.75
12,261,0,0,1,0.2665,0.0,195.3606557377049
12,262,0,0,1,0.2646666666666666,0.0,215.16666666666663
12,263,0,0,1,0.2628333333333333,0.0,192.96666666666667
12,264,0,0,1,0.261,0.0,181.36666666666667
12,265,0,0,1,0.2591666666666666,0.0,175.76666666666668
12,266,0,0,1,0.2573333333333333,0.0,175.93333333333334
12,267,0,0,1,0.2555,0.0,180.16666666666663
12,268,0,0,1,0.2536666666666666,0.0,182.36666666666667
12,269,0,0,1,0.2518333333333333,0.0,171.86666666666667
12,270,0,0,1,0.25,0.0,149.16666666666666
12,271,0,0,1,0.2513333333333333,0.0,126.73333333333332
12,272,0,0,1,0.2526666666666666,0.0,116.23333333333332
12,273,0,0,1,0.254,0.0,120.5
12,274,0,0,1,0.2553333333333333,0.0,145.53333333333333
12,275,0,0,1,0.2566666666666666,0.0,178.33333333333334
12,276,0,0,1,0.258,0.0,143.03333333333333
12,277,0,0,1,0.2593333333333333,0.0,163.0983606557377
12,278,0,0,1,0.2606666666666666,0.0,219.96666666666667
12,279,0,0,1,0.262,0.0,280.25
12,280,0,0,1,0.2633333333333333,0.0,193.01666666666668
12,281,0,0,1,0.2646666666666666,0.0,179.98333333333332
12,282,0,0,1,0.266,0.0,198.4333333333333
12,283,0,0,1,0.2673333333333333,0.0,195.01666666666668
12,284,0,0,1,0.2686666666666666,0.0,164.86666666666667
12,285,0,0,1,0.2699999999999999,0.0,94.78333333333332
12,286,0,0,1,0.2713333333333333,0.0,17.116666666666667
12,287,0,0,1,0.2726666666666666,0.0,78.56666666666666
12,288,0,0,1,0.274,0.0,81.11666666666666
12,289,0,0,1,0.2753333333333333,0.0,92.1
12,290,0,0,1,0.2766666666666666,0.0,61.1
12,291,0,0,1,0.2779999999999999,0.0,15.6
12,292,0,0,1,0.2793333333333334,0.0,74.34426229508196
12,293,0,0,1,0.2806666666666667,0.0,82.2
12,294,0,0,1,0.282,0.0,78.2
12,295,0,0,1,0.2833333333333333,0.0,78.8
12,296,0,0,1,0.2846666666666666,0.0,94.2
12,297,0,0,1,0.286,0.0,93.0
12,298,0,0,1,0.2873333333333334,0.0,84.6
12,299,0,0,1,0.2886666666666667,0.0,82.6
12,300,0,0,1,0.29,0.0,79.2
12,301,0,0,1,0.2913333333333333,0.0,73.2
12,302,0,0,1,0.2926666666666667,0.0,77.6
12,303,0,0,1,0.294,0.0,75.8
12,304,0,0,1,0.2953333333333333,0.0,75.4
12,305,0,0,1,0.2966666666666667,0.0,77.2
12,306,0,0,1,0.298,0.0,77.8
12,307,0,0,1,0.2993333333333333,0.0,77.2
12,308,0,0,1,0.3006666666666666,0.0,77.60655737704919
12,309,0,0,1,0.302,0.0,75.81666666666666
12,310,0,0,1,0.3033333333333334,0.0,75.36666666666666
12,311,0,0,1,0.3046666666666667,0.0,77.73333333333333
12,312,0,0,1,0.306,0.0,81.36666666666666
12,313,0,0,1,0.3073333333333333,0.0,80.98333333333333
12,314,0,0,1,0.3086666666666667,0.0,73.28333333333333
12,315,0,0,1,0.31,0.0,78.81666666666666
12,316,0,0,1,0.3113333333333333,0.0,77.81666666666666
12,317,0,0,1,0.3126666666666667,0.0,77.55
12,318,0,0,1,0.314,0.0,79.81666666666666
12,319,0,0,1,0.3153333333333333,0.0,79.73333333333333
12,320,0,0,1,0.3166666666666666,0.0,83.55
12,321,0,0,1,0.318,0.0,86.18333333333334
12,322,0,0,1,0.3193333333333333,0.0,87.73333333333333
12,323,0,0,1,0.3206666666666667,0.0,90.45
12,324,0,0,1,0.322,0.0,89.62295081967213
12,325,0,0,1,0.3233333333333333,0.0,97.16666666666669
12,326,0,0,1,0.3246666666666666,0.0,98.33333333333331
12,327,0,0,1,0.326,0.0,98.33333333333331
12,328,0,0,1,0.3273333333333333,0.0,92.83333333333331
12,329,0,0,1,0.3286666666666667,0.0,108.16666666666669
12,330,0,0,1,0.33,0.0,113.0
12,331,0,0,1,0.3298333333333333,0.0,107.0
12,332,0,0,1,0.3296666666666666,0.0,103.0
12,333,0,0,1,0.3295,0.0,106.83333333333331
12,334,0,0,1,0.3293333333333333,0.0,99.83333333333331
12,335,0,0,1,0.3291666666666667,0.0,94.33333333333331
12,336,0,0,1,0.329,0.0,96.83333333333331
12,337,0,0,1,0.3288333333333334,0.0,101.5
12,338,0,0,1,0.3286666666666666,0.0,110.66666666666669
12,339,0,0,1,0.3285,0.0,143.50819672131146
12,340,0,0,1,0.3283333333333333,0.0,138.9
12,341,0,0,1,0.3281666666666666,0.0,129.55
12,342,0,0,1,0.328,0.0,144.15
12,343,0,0,1,0.3278333333333333,0.0,143.95
12,344,0,0,1,0.3276666666666667,0.0,138.0
12,345,0,0,1,0.3275,0.0,142.8
12,346,0,0,1,0.3273333333333333,0.0,169.7
12,347,0,0,1,0.3271666666666667,0.0,164.85
12,348,0,0,1,0.327,0.0,150.0
12,349,0,0,1,0.3268333333333333,0.0,166.1
12,350,0,0,1,0.3266666666666667,0.0,170.15
12,351,0,0,1,0.3265,0.0,213.9
12,352,0,0,1,0.3263333333333333,0.0,168.3
12,353,0,0,1,0.3261666666666666,0.0,170.6
12,354,0,0,1,0.326,0.0,175.18032786885246
12,355,0,0,1,0.3258333333333333,0.0,180.53333333333333
12,356,0,0,1,0.3256666666666666,0.0,172.6
12,357,0,0,1,0.3255,0.0,184.7333333333333
12,358,0,0,1,0.3253333333333333,0.0,194.8
12,359,0,0,1,0.3251666666666666,0.0,203.66666666666663
12,360,0,0,1,0.325,0.0,291.6
12,361,0,0,1,0.3248333333333333,0.0,160.6
12,362,0,0,1,0.3246666666666666,0.0,169.8
12,363,0,0,1,0.3244999999999999,0.0,162.66666666666666
12,364,0,0,1,0.3243333333333333,0.0,168.2
12,365,0,0,1,0.3241666666666667,0.0,174.13333333333333
12,366,0,0,1,0.3239999999999999,0.0,160.66666666666666
12,367,0,0,1,0.3238333333333333,0.0,153.86666666666667
12,368,0,0,1,0.3236666666666667,0.0,164.0
12,369,0,0,1,0.3235,0.0,149.93333333333334
12,370,0,0,1,0.3233333333333333,0.0,145.93333333333334
12,371,0,0,1,0.3231666666666666,0.0,161.98360655737704
12,372,0,0,1,0.323,0.0,141.65
12,373,0,0,1,0.3228333333333333,0.0,137.13333333333333
12,374,0,0,1,0.3226666666666666,0.0,122.41666666666669
12,375,0,0,1,0.3225,0.0,123.6
12,376,0,0,1,0.3223333333333333,0.0,160.16666666666666
12,377,0,0,1,0.3221666666666667,0.0,115.76666666666668
12,378,0,0,1,0.322,0.0,114.7
12,379,0,0,1,0.3218333333333333,0.0,119.53333333333332
12,380,0,0,1,0.3216666666666666,0.0,116.58333333333331
12,381,0,0,1,0.3215,0.0,121.23333333333332
12,382,0,0,1,0.3213333333333333,0.0,122.76666666666668
12,383,0,0,1,0.3211666666666666,0.0,120.76666666666668
12,384,0,0,1,0.321,0.0,119.93333333333334
12,385,0,0,1,0.3208333333333333,0.0,125.01666666666668
12,386,0,0,1,0.3206666666666667,0.0,111.51666666666668
12,387,0,0,1,0.3205,0.0,119.44262295081968
12,388,0,0,1,0.3203333333333333,0.0,92.0
12,389,0,0,1,0.3201666666666666,0.0,93.0
12,390,0,0,1,0.32,0.0,101.8
12,391,0,0,1,0.3185,0.0,99.6
12,392,0,0,1,0.317,0.0,96.1
12,393,0,0,1,0.3155,0.0,96.7
12,394,0,0,1,0.314,0.0,94.2
12,395,0,0,1,0.3125,0.0,96.2
12,396,0,0,1,0.311,0.0,98.2
12,397,0,0,1,0.3095,0.0,98.3
12,398,0,0,1,0.308,0.0,85.2
12,399,0,0,1,0.3065,0.0,105.5
12,400,0,0,1,0.305,0.0,110.3
12,401,0,0,1,0.3035,0.0,112.2
12,402,0,0,1,0.302,0.0,104.5
12,403,0,0,1,0.3005,0.0,99.70491803278688
12,404,0,0,1,0.299,0.0,98.0
12,405,0,0,1,0.2975,0.0,107.25
12,406,0,0,1,0.296,0.0,87.91666666666667
12,407,0,0,1,0.2945,0.0,87.41666666666667
12,408,0,0,1,0.293,0.0,91.66666666666669
12,409,0,0,1,0.2915,0.0,87.75
12,410,0,0,1,0.29,0.0,85.08333333333333
12,411,0,0,1,0.2885,0.0,85.75
12,412,0,0,1,0.287,0.0,82.66666666666667
12,413,0,0,1,0.2855,0.0,78.66666666666667
12,414,0,0,1,0.284,0.0,73.5
12,415,0,0,1,0.2825,0.0,57.41666666666666
12,416,0,0,1,0.2809999999999999,0.0,62.083333333333336
12,417,0,0,1,0.2794999999999999,0.0,63.0
12,418,0,0,1,0.2779999999999999,0.0,62.0
12,419,0,0,1,0.2765,0.0,52.80327868852459
12,420,0,0,1,0.275,0.0,72.4
12,421,0,0,1,0.2735,0.0,64.4
12,422,0,0,1,0.272,0.0,70.73333333333333
12,423,0,0,1,0.2705,0.0,80.66666666666667
12,424,0,0,1,0.269,0.0,75.93333333333334
12,425,0,0,1,0.2675,0.0,75.6
12,426,0,0,1,0.266,0.0,84.53333333333333
12,427,0,0,1,0.2645,0.0,85.86666666666666
12,428,0,0,1,0.263,0.0,5.266666666666667
12,429,0,0,1,0.2615,0.0,79.46666666666667
12,430,0,0,1,0.26,0.0,86.46666666666667
12,431,0,0,1,0.2585,0.0,90.86666666666666
12,432,0,0,1,0.257,0.0,62.6
12,433,0,0,1,0.2555,0.0,79.33333333333333
12,434,0,0,1,0.254,0.0,4.866666666666666
12,435,0,0,1,0.2525,0.0,74.37704918032787
12,436,0,0,1,0.251,0.0,94.8
12,437,0,0,1,0.2495,0.0,109.2
12,438,0,0,1,0.248,0.0,93.8
12,439,0,0,1,0.2465,0.0,87.9
12,440,0,0,1,0.245,0.0,50.25
12,441,0,0,1,0.2435,0.0,93.2
12,442,0,0,1,0.242,0.0,96.9
12,443,0,0,1,0.2405,0.0,95.55
12,444,0,0,1,0.239,0.0,104.4
12,445,0,0,1,0.2375,0.0,75.42372881355932
12,446,0,0,1,0.236,0.0,100.66666666666669
12,447,0,0,1,0.2345,0.0,81.93333333333334
12,448,0,0,1,0.233,0.0,80.13333333333334
12,449,0,0,1,0.2315,0.0,68.4
12,450,0,0,1,0.23,0.0,74.13333333333334
12,451,0,0,1,0.228,0.0,76.1311475409836
12,452,0,0,1,0.226,0.0,77.95
12,453,0,0,1,0.224,0.0,77.0
12,454,0,0,1,0.222,0.0,76.8
12,455,0,0,1,0.22,0.0,72.85
12,456,0,0,1,0.218,0.0,70.0
12,457,0,0,1,0.216,0.0,69.95
12,458,0,0,1,0.214,0.0,68.3
12,459,0,0,1,0.212,0.0,55.4
12,460,0,0,1,0.21,0.0,59.85
12,461,0,0,1,0.208,0.0,9.25
12,462,0,0,1,0.206,0.0,178.8
12,463,0,0,1,0.204,0.0,61.35
12,464,0,0,1,0.202,0.0,68.2
12,465,0,0,1,0.2,0.0,71.45
12,466,0,0,1,0.198,0.0,60.75409836065574
12,467,0,0,1,0.196,0.0,55.96666666666667
12,468,0,0,1,0.194,0.0,54.63333333333333
12,469,0,0,1,0.192,0.0,44.46666666666667
12,470,0,0,1,0.19,0.0,58.0
12,471,0,0,1,0.188,0.0,58.03333333333333
12,472,0,0,1,0.186,0.0,58.9
12,473,0,0,1,0.184,0.0,56.66666666666666
12,474,0,0,1,0.182,0.0,75.1
12,475,0,0,1,0.18,0.0,48.86666666666667
12,476,0,0,1,0.178,0.0,45.333333333333336
12,477,0,0,1,0.176,0.0,54.833333333333336
12,478,0,0,1,0.174,0.0,49.73333333333333
12,479,0,0,1,0.172,0.0,41.766666666666666
12,480,0,0,1,0.1699999999999999,0.0,35.3
12,481,0,0,1,0.168,0.0,44.13333333333333
12,482,0,0,1,0.166,0.0,47.31147540983606
12,483,0,0,1,0.164,0.0,27.1
12,484,0,0,1,0.162,0.0,32.93333333333333
12,485,0,0,1,0.16,0.0,29.03333333333333
12,486,0,0,1,0.158,0.0,31.03333333333333
12,487,0,0,1,0.156,0.0,33.03333333333333
12,488,0,0,1,0.154,0.0,34.95
12,489,0,0,1,0.152,0.0,32.0
12,490,0,0,1,0.15,0.0,32.06666666666667
12,491,0,0,1,0.148,0.0,36.016666666666666
12,492,0,0,1,0.146,0.0,37.016666666666666
12,493,0,0,1,0.144,0.0,37.88333333333333
12,494,0,0,1,0.142,0.0,30.98333333333333
12,495,0,0,1,0.14,0.0,29.9
12,496,0,0,1,0.1379999999999999,0.0,24.05
12,497,0,0,1,0.136,0.0,26.566666666666663
12,498,0,0,1,0.134,0.0,1.0327868852459017
12,499,0,0,1,0.132,0.0,3.0
12,500,0,0,1,0.13,0.0,5.0
12,501,0,0,1,0.128,0.0,4.0
12,502,0,0,1,0.126,0.0,15.0
12,503,0,0,1,0.124,0.0,16.0
12,504,0,0,1,0.122,0.0,16.0
12,505,0,0,1,0.12,0.0,17.0
12,506,0,0,1,0.118,0.0,16.0
12,507,0,0,1,0.116,0.0,20.0
12,508,0,0,1,0.114,0.0,14.0
12,509,0,0,1,0.112,0.0,5.0
12,510,0,0,1,0.11,0.0,0.0
12,511,0,0,1,0.1088333333333333,0.0,0.0
12,512,0,0,1,0.1076666666666666,0.0,0.0
12,513,0,0,1,0.1065,0.0,0.0
12,514,0,0,1,0.1053333333333333,0.0,0.0
12,515,0,0,1,0.1041666666666666,0.0,4.0
12,516,0,0,1,0.103,0.0,7.934426229508197
12,517,0,0,1,0.1018333333333333,0.0,8.0
12,518,0,0,1,0.1006666666666666,0.0,1.1166666666666667
12,519,0,0,1,0.0995,0.0,1.9833333333333332
12,520,0,0,1,0.0983333333333333,0.0,3.966666666666667
12,521,0,0,1,0.0971666666666666,0.0,4.983333333333333
12,522,0,0,1,0.096,0.0,1.0666666666666669
12,523,0,0,1,0.0948333333333333,0.0,0.0166666666666666
12,524,0,0,1,0.0936666666666666,0.0,0.0
12,525,0,0,1,0.0925,0.0,0.0
12,526,0,0,1,0.0913333333333333,0.0,0.0
12,527,0,0,1,0.0901666666666666,0.0,0.0
12,528,0,0,1,0.089,0.0,0.9833333333333332
12,529,0,0,1,0.0878333333333333,0.0,0.0166666666666666
12,530,0,0,1,0.0866666666666666,0.0,3.933333333333333
12,531,0,0,1,0.0854999999999999,0.0,0.0666666666666666
12,532,0,0,1,0.0843333333333333,0.0,0.0
12,533,0,0,1,0.0831666666666666,0.0,0.0
12,534,0,0,1,0.082,0.0,0.0
12,535,0,0,1,0.0808333333333333,0.0,0.0
12,536,0,0,1,0.0796666666666666,0.0,0.0
12,537,0,0,1,0.0785,0.0,0.0
12,538,0,0,1,0.0773333333333333,0.0,0.0
12,539,0,0,1,0.0761666666666666,0.0,0.0
12,540,0,0,1,0.075,0.0,0.0
12,541,0,0,1,0.0738333333333333,0.0,0.0
12,542,0,0,1,0.0726666666666666,0.0,0.0
12,543,0,0,1,0.0715,0.0,0.0
12,544,0,0,1,0.0703333333333333,0.0,0.0
12,545,0,0,1,0.0691666666666666,0.0,0.0
12,546,0,0,1,0.068,0.0,0.0
12,547,0,0,1,0.0668333333333333,0.0,0.0
12,548,0,0,1,0.0656666666666666,0.0,0.0
12,549,0,0,1,0.0645,0.0,0.0
12,550,0,0,1,0.0633333333333333,0.0,0.0
12,551,0,0,1,0.0621666666666666,0.0,0.0
12,552,0,0,1,0.061,0.0,0.0
12,553,0,0,1,0.0598333333333333,0.0,0.0
12,554,0,0,1,0.0586666666666666,0.0,0.0
12,555,0,0,1,0.0575,0.0,0.0
12,556,0,0,1,0.0563333333333333,0.0,0.0
12,557,0,0,1,0.0551666666666666,0.0,0.0
12,558,0,0,1,0.054,0.0,0.0
12,559,0,0,1,0.0528333333333333,0.0,0.0
12,560,0,0,1,0.0516666666666666,0.0,0.0
12,561,0,0,1,0.0505,0.0,0.0
12,562,0,0,1,0.0493333333333333,0.0,0.0
12,563,0,0,1,0.0481666666666666,0.0,0.0
12,564,0,0,1,0.047,0.0,0.0
12,565,0,0,1,0.0458333333333333,0.0,0.0
12,566,0,0,1,0.0446666666666666,0.0,0.0
12,567,0,0,1,0.0435,0.0,0.0
12,568,0,0,1,0.0423333333333333,0.0,0.0
12,569,0,0,1,0.0411666666666666,0.0,0.0
12,570,0,0,1,0.04,0.0,0.0
12,571,0,0,1,0.0393333333333333,0.0,0.0
12,572,0,0,1,0.0386666666666666,0.0,0.0
12,573,0,0,1,0.038,0.0,0.0
12,574,0,0,1,0.0373333333333333,0.0,0.0
12,575,0,0,1,0.0366666666666666,0.0,0.0
12,576,0,0,1,0.036,0.0,0.0
12,577,0,0,1,0.0353333333333333,0.0,0.0
12,578,0,0,1,0.0346666666666666,0.0,0.0
12,579,0,0,1,0.034,0.0,0.0
12,580,0,0,1,0.0333333333333333,0.0,0.0
12,581,0,0,1,0.0326666666666666,0.0,0.0
12,582,0,0,1,0.032,0.0,0.0
12,583,0,0,1,0.0313333333333333,0.0,0.0
12,584,0,0,1,0.0306666666666666,0.0,0.0
12,585,0,0,1,0.03,0.0,0.0
12,586,0,0,1,0.0293333333333333,0.0,0.0
12,587,0,0,1,0.0286666666666666,0.0,0.0
12,588,0,0,1,0.028,0.0,0.0
12,589,0,0,1,0.0273333333333333,0.0,0.0
12,590,0,0,1,0.0266666666666666,0.0,0.0
12,591,0,0,1,0.026,0.0,0.0
12,592,0,0,1,0.0253333333333333,0.0,0.0
12,593,0,0,1,0.0246666666666666,0.0,0.0
12,594,0,0,1,0.024,0.0,0.0
12,595,0,0,1,0.0233333333333333,0.0,0.0
12,596,0,0,1,0.0226666666666666,0.0,0.0
12,597,0,0,1,0.022,0.0,0.0
12,598,0,0,1,0.0213333333333333,0.0,0.0
12,599,0,0,1,0.0206666666666666,0.0,0.0
12,600,0,0,1,0.02,0.0,0.0
12,601,0,0,1,0.0193333333333333,0.0,0.0
12,602,0,0,1,0.0186666666666666,0.0,0.0
12,603,0,0,1,0.018,0.0,0.0
12,604,0,0,1,0.0173333333333333,0.0,0.0
12,605,0,0,1,0.0166666666666666,0.0,0.0
12,606,0,0,1,0.016,0.0,0.0
12,607,0,0,1,0.0153333333333333,0.0,0.0
12,608,0,0,1,0.0146666666666666,0.0,0.0
12,609,0,0,1,0.014,0.0,0.0
12,610,0,0,1,0.0133333333333333,0.0,0.0
12,611,0,0,1,0.0126666666666666,0.0,0.0
12,612,0,0,1,0.012,0.0,0.0
12,613,0,0,1,0.0113333333333333,0.0,0.0
12,614,0,0,1,0.0106666666666666,0.0,0.0
12,615,0,0,1,0.01,0.0,0.0
12,616,0,0,1,0.0093333333333333,0.0,0.0
12,617,0,0,1,0.0086666666666666,0.0,0.0
12,618,0,0,1,0.008,0.0,0.0
12,619,0,0,1,0.0073333333333333,0.0,0.0
12,620,0,0,1,0.0066666666666666,0.0,0.0
12,621,0,0,1,0.006,0.0,0.0
12,622,0,0,1,0.0053333333333333,0.0,0.0
12,623,0,0,1,0.0046666666666666,0.0,0.0
12,624,0,0,1,0.004,0.0,0.0
12,625,0,0,1,0.0033333333333333,0.0,0.0
12,626,0,0,1,0.0026666666666666,0.0,0.0
12,627,0,0,1,0.002,0.0,0.0
12,628,0,0,1,0.0013333333333333,0.0,0.0
12,629,0,0,1,0.0006666666666666,0.0,0.0
12,630,0,0,1,0.0,0.0,0.0
12,631,0,0,1,0.0,0.0,0.0
12,632,0,0,1,0.0,0.0,0.0
12,633,0,0,1,0.0,0.0,0.0
12,634,0,0,1,0.0,0.0,0.0
12,635,0,0,1,0.0,0.0,0.0
12,636,0,0,1,0.0,0.0,0.0
12,637,0,0,1,0.0,0.0,0.0
12,638,0,0,1,0.0,0.0,0.0
12,639,0,0,1,0.0,0.0,0.0
12,640,0,0,1,0.0,0.0,0.0
12,641,0,0,1,0.0,0.0,0.0
12,642,0,0,1,0.0,0.0,0.0
12,643,0,0,1,0.0,0.0,0.0
12,644,0,0,1,0.0,0.0,0.0
12,645,0,0,1,0.0,0.0,0.0
12,646,0,0,1,0.0,0.0,0.0
12,647,0,0,1,0.0,0.0,0.0
12,648,0,0,1,0.0,0.0,0.0
12,649,0,0,1,0.0,0.0,0.0
12,650,0,0,1,0.0,0.0,0.0
12,651,0,0,1,0.0,0.0,0.0
12,652,0,0,1,0.0,0.0,0.0
12,653,0,0,1,0.0,0.0,0.0
12,654,0,0,1,0.0,0.0,0.0
12,655,0,0,1,0.0,0.0,0.0
12,656,0,0,1,0.0,0.0,0.0
12,657,0,0,1,0.0,0.0,0.0
12,658,0,0,1,0.0,0.0,0.0
12,659,0,0,1,0.0,0.0,0.0
19,0,0,0,1,0.045,0.0,0.0
19,1,0,0,1,0.0465,0.0,0.0
19,2,0,0,1,0.048,0.0,0.0
19,3,0,0,1,0.0494999999999999,0.0,0.0
19,4,0,0,1,0.051,0.0,0.0
19,5,0,0,1,0.0525,0.0,0.0
19,6,0,0,1,0.054,0.0,0.0
19,7,0,0,1,0.0555,0.0,0.0
19,8,0,0,1,0.057,0.0,116.66666666666669
19,9,0,0,1,0.0584999999999999,0.0,41.66666666666666
19,10,0,0,1,0.0599999999999999,0.0,3.6666666666666665
19,11,0,0,1,0.0615,0.0,0.0
19,12,0,0,1,0.063,0.0,41.66666666666666
19,13,0,0,1,0.0644999999999999,0.0,8.333333333333334
19,14,0,0,1,0.066,0.0,0.0
19,15,0,0,1,0.0674999999999999,0.0,0.0
19,16,0,0,1,0.0689999999999999,0.0,0.0
19,17,0,0,1,0.0705,0.0,0.0
19,18,0,0,1,0.072,0.0,0.0
19,19,0,0,1,0.0735,0.0,0.0
19,20,0,0,1,0.075,0.0,0.0
19,21,0,0,1,0.0765,0.0,0.0
19,22,0,0,1,0.078,0.0,0.0
19,23,0,0,1,0.0794999999999999,0.0,0.0
19,24,0,0,1,0.0809999999999999,0.0,0.0
19,25,0,0,1,0.0825,0.0,0.0
19,26,0,0,1,0.084,0.0,0.0
19,27,0,0,1,0.0854999999999999,0.0,5.0
19,28,0,0,1,0.087,0.0,1.0
19,29,0,0,1,0.0885,0.0,0.0
19,30,0,0,1,0.09,0.0,0.0
19,31,0,0,1,0.0933333333333333,0.0,0.0
19,32,0,0,1,0.0966666666666666,0.0,0.0
19,33,0,0,1,0.1,0.0,40.0
19,34,0,0,1,0.1033333333333333,0.0,8.0
19,35,0,0,1,0.1066666666666666,0.0,0.0
19,36,0,0,1,0.11,0.0,0.8333333333333334
19,37,0,0,1,0.1133333333333333,0.0,6.833333333333333
19,38,0,0,1,0.1166666666666666,0.0,47.34426229508197
19,39,0,0,1,0.1199999999999999,0.0,10.266666666666667
19,40,0,0,1,0.1233333333333333,0.0,22.05
19,41,0,0,1,0.1266666666666666,0.0,32.71666666666667
19,42,0,0,1,0.13,0.0,29.1
19,43,0,0,1,0.1333333333333333,0.0,37.8
19,44,0,0,1,0.1366666666666666,0.0,34.28333333333333
19,45,0,0,1,0.1399999999999999,0.0,66.48333333333333
19,46,0,0,1,0.1433333333333333,0.0,51.95
19,47,0,0,1,0.1466666666666666,0.0,46.18333333333333
19,48,0,0,1,0.15,0.0,52.53333333333333
19,49,0,0,1,0.1533333333333333,0.0,59.71666666666667
19,50,0,0,1,0.1566666666666666,0.0,79.78333333333333
19,51,0,0,1,0.16,0.0,54.6
19,52,0,0,1,0.1633333333333333,0.0,68.41666666666667
19,53,0,0,1,0.1666666666666666,0.0,73.81666666666666
19,54,0,0,1,0.1699999999999999,0.0,77.21311475409836
19,55,0,0,1,0.1733333333333333,0.0,105.2
19,56,0,0,1,0.1766666666666666,0.0,83.2
19,57,0,0,1,0.18,0.0,106.4
19,58,0,0,1,0.1833333333333333,0.0,88.4
19,59,0,0,1,0.1866666666666666,0.0,98.0
19,60,0,0,1,0.1899999999999999,0.0,107.6
19,61,0,0,1,0.1933333333333333,0.0,113.0
19,62,0,0,1,0.1966666666666666,0.0,107.6
19,63,0,0,1,0.1999999999999999,0.0,161.2
19,64,0,0,1,0.2033333333333333,0.0,123.8
19,65,0,0,1,0.2066666666666666,0.0,111.0
19,66,0,0,1,0.21,0.0,99.0
19,67,0,0,1,0.2133333333333333,0.0,119.2
19,68,0,0,1,0.2166666666666666,0.0,142.6
19,69,0,0,1,0.22,0.0,144.6
19,70,0,0,1,0.2233333333333333,0.0,139.27868852459017
19,71,0,0,1,0.2266666666666666,0.0,138.0
19,72,0,0,1,0.2299999999999999,0.0,152.1
19,73,0,0,1,0.2333333333333333,0.0,130.93333333333334
19,74,0,0,1,0.2366666666666666,0.0,132.61666666666667
19,75,0,0,1,0.2399999999999999,0.0,134.21666666666667
19,76,0,0,1,0.2433333333333333,0.0,104.23333333333332
19,77,0,0,1,0.2466666666666666,0.0,115.58333333333331
19,78,0,0,1,0.2499999999999999,0.0,130.4
19,79,0,0,1,0.2533333333333333,0.0,136.13333333333333
19,80,0,0,1,0.2566666666666666,0.0,131.51666666666668
19,81,0,0,1,0.26,0.0,127.65
19,82,0,0,1,0.2633333333333333,0.0,123.08333333333331
19,83,0,0,1,0.2666666666666666,0.0,102.41666666666669
19,84,0,0,1,0.2699999999999999,0.0,106.4
19,85,0,0,1,0.2733333333333333,0.0,108.22950819672133
19,86,0,0,1,0.2766666666666666,0.0,142.5
19,87,0,0,1,0.2799999999999999,0.0,179.83333333333334
19,88,0,0,1,0.2833333333333333,0.0,224.8
19,89,0,0,1,0.2866666666666667,0.0,286.6
19,90,0,0,1,0.29,0.0,292.8
19,91,0,0,1,0.2898333333333333,0.0,331.4
19,92,0,0,1,0.2896666666666666,0.0,364.7
19,93,0,0,1,0.2895,0.0,366.4
19,94,0,0,1,0.2893333333333333,0.0,363.4666666666666
19,95,0,0,1,0.2891666666666666,0.0,382.9333333333333
19,96,0,0,1,0.289,0.0,374.4333333333333
19,97,0,0,1,0.2888333333333333,0.0,330.9
19,98,0,0,1,0.2886666666666667,0.0,311.3333333333333
19,99,0,0,1,0.2885,0.0,276.8
19,100,0,0,1,0.2883333333333333,0.0,244.0
19,101,0,0,1,0.2881666666666666,0.0,249.81967213114757
19,102,0,0,1,0.288,0.0,256.25
19,103,0,0,1,0.2878333333333333,0.0,259.25
19,104,0,0,1,0.2876666666666667,0.0,271.25
19,105,0,0,1,0.2875,0.0,283.25
19,106,0,0,1,0.2873333333333334,0.0,288.25
19,107,0,0,1,0.2871666666666667,0.0,291.25
19,108,0,0,1,0.287,0.0,290.5
19,109,0,0,1,0.2868333333333333,0.0,279.5
19,110,0,0,1,0.2866666666666667,0.0,269.25
19,111,0,0,1,0.2865,0.0,253.5
19,112,0,0,1,0.2863333333333333,0.0,201.0
19,113,0,0,1,0.2861666666666666,0.0,180.5
19,114,0,0,1,0.286,0.0,183.5
19,115,0,0,1,0.2858333333333333,0.0,188.0
19,116,0,0,1,0.2856666666666667,0.0,201.0
19,117,0,0,1,0.2855,0.0,201.31147540983608
19,118,0,0,1,0.2853333333333333,0.0,197.06666666666663
19,119,0,0,1,0.2851666666666667,0.0,178.4
19,120,0,0,1,0.285,0.0,171.26666666666668
19,121,0,0,1,0.2848333333333334,0.0,191.53333333333333
19,122,0,0,1,0.2846666666666666,0.0,215.13333333333333
19,123,0,0,1,0.2845,0.0,216.6
19,124,0,0,1,0.2843333333333334,0.0,216.46666666666667
19,125,0,0,1,0.2841666666666667,0.0,211.86666666666667
19,126,0,0,1,0.284,0.0,208.53333333333333
19,127,0,0,1,0.2838333333333333,0.0,186.7333333333333
19,128,0,0,1,0.2836666666666667,0.0,148.2
19,129,0,0,1,0.2835,0.0,137.0
19,130,0,0,1,0.2833333333333333,0.0,127.46666666666668
19,131,0,0,1,0.2831666666666667,0.0,106.4
19,132,0,0,1,0.283,0.0,92.66666666666669
19,133,0,0,1,0.2828333333333333,0.0,105.8688524590164
19,134,0,0,1,0.2826666666666667,0.0,95.51666666666668
19,135,0,0,1,0.2825,0.0,97.6
19,136,0,0,1,0.2823333333333334,0.0,103.86666666666666
19,137,0,0,1,0.2821666666666667,0.0,141.55
19,138,0,0,1,0.282,0.0,120.16666666666669
19,139,0,0,1,0.2818333333333333,0.0,151.86666666666667
19,140,0,0,1,0.2816666666666667,0.0,185.76666666666668
19,141,0,0,1,0.2815,0.0,185.55
19,142,0,0,1,0.2813333333333334,0.0,175.11666666666667
19,143,0,0,1,0.2811666666666667,0.0,151.93333333333334
19,144,0,0,1,0.2809999999999999,0.0,144.71666666666667
19,145,0,0,1,0.2808333333333334,0.0,133.53333333333333
19,146,0,0,1,0.2806666666666667,0.0,135.45
19,147,0,0,1,0.2805,0.0,139.43333333333334
19,148,0,0,1,0.2803333333333333,0.0,165.08333333333334
19,149,0,0,1,0.2801666666666667,0.0,157.8
19,150,0,0,1,0.28,0.0,160.86885245901638
19,151,0,0,1,0.2833333333333334,0.0,158.7
19,152,0,0,1,0.2866666666666667,0.0,148.3
19,153,0,0,1,0.29,0.0,136.6
19,154,0,0,1,0.2933333333333333,0.0,134.4
19,155,0,0,1,0.2966666666666667,0.0,124.5
19,156,0,0,1,0.3,0.0,111.6
19,157,0,0,1,0.3033333333333334,0.0,89.8
19,158,0,0,1,0.3066666666666667,0.0,70.8
19,159,0,0,1,0.31,0.0,63.9
19,160,0,0,1,0.3133333333333333,0.0,51.1
19,161,0,0,1,0.3166666666666666,0.0,60.0
19,162,0,0,1,0.32,0.0,58.3
19,163,0,0,1,0.3233333333333333,0.0,46.6
19,164,0,0,1,0.3266666666666667,0.0,32.5
19,165,0,0,1,0.33,0.0,36.26229508196721
19,166,0,0,1,0.3333333333333333,0.0,31.116666666666667
19,167,0,0,1,0.3366666666666667,0.0,24.266666666666666
19,168,0,0,1,0.34,0.0,16.85
19,169,0,0,1,0.3433333333333334,0.0,25.616666666666667
19,170,0,0,1,0.3466666666666667,0.0,27.58333333333333
19,171,0,0,1,0.35,0.0,25.316666666666663
19,172,0,0,1,0.3533333333333333,0.0,22.95
19,173,0,0,1,0.3566666666666666,0.0,19.266666666666666
19,174,0,0,1,0.36,0.0,19.366666666666667
19,175,0,0,1,0.3633333333333333,0.0,22.05
19,176,0,0,1,0.3666666666666666,0.0,25.05
19,177,0,0,1,0.37,0.0,21.9
19,178,0,0,1,0.3733333333333333,0.0,15.216666666666669
19,179,0,0,1,0.3766666666666667,0.0,59.46666666666667
19,180,0,0,1,0.3799999999999999,0.0,46.15
19,181,0,0,1,0.3833333333333333,0.0,28.65573770491803
19,182,0,0,1,0.3866666666666666,0.0,24.666666666666668
19,183,0,0,1,0.3899999999999999,0.0,47.66666666666666
19,184,0,0,1,0.3933333333333333,0.0,40.66666666666666
19,185,0,0,1,0.3966666666666666,0.0,42.333333333333336
19,186,0,0,1,0.4,0.0,42.0
19,187,0,0,1,0.4033333333333333,0.0,39.0
19,188,0,0,1,0.4066666666666666,0.0,38.333333333333336
19,189,0,0,1,0.41,0.0,38.0
19,190,0,0,1,0.4133333333333333,0.0,32.666666666666664
19,191,0,0,1,0.4166666666666667,0.0,36.0
19,192,0,0,1,0.42,0.0,38.333333333333336
19,193,0,0,1,0.4233333333333334,0.0,18.666666666666668
19,194,0,0,1,0.4266666666666666,0.0,41.66666666666666
19,195,0,0,1,0.4299999999999999,0.0,50.0
19,196,0,0,1,0.4333333333333333,0.0,63.333333333333336
19,197,0,0,1,0.4366666666666666,0.0,71.34426229508196
19,198,0,0,1,0.44,0.0,72.3
19,199,0,0,1,0.4433333333333333,0.0,79.5
19,200,0,0,1,0.4466666666666666,0.0,82.35
19,201,0,0,1,0.45,0.0,87.85
19,202,0,0,1,0.4533333333333333,0.0,91.65
19,203,0,0,1,0.4566666666666666,0.0,89.4
19,204,0,0,1,0.4599999999999999,0.0,104.25
19,205,0,0,1,0.4633333333333332,0.0,129.52542372881356
19,206,0,0,1,0.4666666666666667,0.0,191.33333333333331
19,207,0,0,1,0.47,0.0,237.33333333333331
19,208,0,0,1,0.4733333333333333,0.0,277.6666666666667
19,209,0,0,1,0.4766666666666667,0.0,297.6666666666667
19,210,0,0,1,0.4799999999999999,0.0,326.6666666666667
19,211,0,0,1,0.4903333333333333,0.0,294.6666666666667
19,212,0,0,1,0.5006666666666667,0.0,314.0
19,213,0,0,1,0.511,0.0,340.24590163934425
19,214,0,0,1,0.5213333333333333,0.0,338.45
19,215,0,0,1,0.5316666666666666,0.0,409.45
19,216,0,0,1,0.5419999999999999,0.0,416.5
19,217,0,0,1,0.5523333333333333,0.0,361.95
19,218,0,0,1,0.5626666666666668,0.0,330.95
19,219,0,0,1,0.5730000000000001,0.0,323.7
19,220,0,0,1,0.5833333333333334,0.0,389.95
19,221,0,0,1,0.5936666666666668,0.0,382.45
19,222,0,0,1,0.604,0.0,379.15
19,223,0,0,1,0.6143333333333333,0.0,373.1
19,224,0,0,1,0.6246666666666667,0.0,362.7
19,225,0,0,1,0.6349999999999999,0.0,367.2
19,226,0,0,1,0.6453333333333333,0.0,365.45
19,227,0,0,1,0.6556666666666667,0.0,364.95
19,228,0,0,1,0.666,0.0,352.35
19,229,0,0,1,0.6763333333333333,0.0,338.6065573770492
19,230,0,0,1,0.6866666666666668,0.0,323.6
19,231,0,0,1,0.697,0.0,303.7
19,232,0,0,1,0.7073333333333333,0.0,287.76666666666665
19,233,0,0,1,0.7176666666666667,0.0,277.3
19,234,0,0,1,0.7280000000000001,0.0,272.7333333333333
19,235,0,0,1,0.7383333333333334,0.0,273.26666666666665
19,236,0,0,1,0.7486666666666667,0.0,282.8666666666667
19,237,0,0,1,0.7590000000000001,0.0,287.3666666666667
19,238,0,0,1,0.7693333333333334,0.0,291.43333333333334
19,239,0,0,1,0.7796666666666667,0.0,323.76666666666665
19,240,0,0,1,0.7899999999999999,0.0,360.6333333333333
19,241,0,0,1,0.8003333333333333,0.0,380.23333333333335
19,242,0,0,1,0.8106666666666666,0.0,391.3333333333333
19,243,0,0,1,0.8210000000000001,0.0,381.06666666666666
19,244,0,0,1,0.8313333333333335,0.0,323.6
19,245,0,0,1,0.8416666666666667,0.0,291.26229508196724
19,246,0,0,1,0.8520000000000001,0.0,110.78333333333332
19,247,0,0,1,0.8623333333333334,0.0,207.2
19,248,0,0,1,0.8726666666666667,0.0,379.1666666666667
19,249,0,0,1,0.8830000000000001,0.0,393.6666666666667
19,250,0,0,1,0.8933333333333333,0.0,353.31666666666666
19,251,0,0,1,0.9036666666666666,0.0,278.7333333333333
19,252,0,0,1,0.914,0.0,273.9833333333333
19,253,0,0,1,0.9243333333333336,0.0,308.65
19,254,0,0,1,0.9346666666666668,0.0,357.2333333333333
19,255,0,0,1,0.945,0.0,421.0833333333333
19,256,0,0,1,0.9553333333333334,0.0,466.9666666666666
19,257,0,0,1,0.9656666666666668,0.0,439.3
19,258,0,0,1,0.976,0.0,423.25
19,259,0,0,1,0.9863333333333334,0.0,419.75
19,260,0,0,1,0.9966666666666668,0.0,412.15
19,261,0,0,1,1.007,0.0,418.88524590163934
19,262,0,0,1,1.0173333333333334,0.0,425.2
19,263,0,0,1,1.0276666666666667,0.0,421.8
19,264,0,0,1,1.038,0.0,417.2
19,265,0,0,1,1.0483333333333331,0.0,420.2
19,266,0,0,1,1.0586666666666669,0.0,409.8
19,267,0,0,1,1.069,0.0,407.0
19,268,0,0,1,1.0793333333333337,0.0,412.2
19,269,0,0,1,1.0896666666666668,0.0,410.0
19,270,0,0,1,1.1,0.0,418.8
19,271,0,0,1,1.1036666666666666,0.0033333333333333,429.0
19,272,0,0,1,1.1073333333333333,0.0066666666666666,498.8
19,273,0,0,1,1.111,0.01,472.6
19,274,0,0,1,1.114666666666667,0.0133333333333333,433.4
19,275,0,0,1,1.1183333333333334,0.0166666666666666,433.0
19,276,0,0,1,1.122,0.02,463.2
19,277,0,0,1,1.1256666666666668,0.0233333333333333,460.0327868852459
19,278,0,0,1,1.1293333333333335,0.0266666666666666,454.8333333333333
19,279,0,0,1,1.133,0.03,459.3333333333333
19,280,0,0,1,1.1366666666666667,0.0333333333333333,464.75
19,281,0,0,1,1.1403333333333334,0.0366666666666666,460.5
19,282,0,0,1,1.144,0.04,457.0833333333333
19,283,0,0,1,1.1476666666666666,0.0433333333333333,458.8333333333333
19,284,0,0,1,1.151333333333333,0.0466666666666666,450.4166666666667
19,285,0,0,1,1.1550000000000002,0.05,439.75
19,286,0,0,1,1.1586666666666667,0.0533333333333333,438.9166666666667
19,287,0,0,1,1.1623333333333334,0.0566666666666666,442.75
19,288,0,0,1,1.166,0.06,452.75
19,289,0,0,1,1.1696666666666669,0.0633333333333333,470.0833333333333
19,290,0,0,1,1.1733333333333331,0.0666666666666666,452.9166666666667
19,291,0,0,1,1.177,0.07,489.8333333333333
19,292,0,0,1,1.1806666666666668,0.0733333333333333,533.0833333333334
19,293,0,0,1,1.1843333333333337,0.0766666666666666,542.8852459016393
19,294,0,0,1,1.188,0.08,599.5666666666667
19,295,0,0,1,1.1916666666666669,0.0833333333333333,665.6333333333333
19,296,0,0,1,1.1953333333333334,0.0866666666666666,710.9333333333333
19,297,0,0,1,1.199,0.09,738.5
19,298,0,0,1,1.2026666666666666,0.0933333333333333,734.2333333333333
19,299,0,0,1,1.2063333333333333,0.0966666666666666,804.2
19,300,0,0,1,1.21,0.1,968.8333333333334
19,301,0,0,1,1.213666666666667,0.1033333333333333,1010.4666666666668
19,302,0,0,1,1.2173333333333334,0.1066666666666666,1416.2
19,303,0,0,1,1.221,0.11,1409.5666666666666
19,304,0,0,1,1.2246666666666668,0.1133333333333333,1068.9666666666667
19,305,0,0,1,1.2283333333333333,0.1166666666666666,1037.0333333333333
19,306,0,0,1,1.232,0.12,1036.7666666666669
19,307,0,0,1,1.2356666666666667,0.1233333333333333,1089.229508196721
19,308,0,0,1,1.2393333333333336,0.1266666666666666,1158.4237288135594
19,309,0,0,1,1.243,0.13,1293.8524590163934
19,310,0,0,1,1.2466666666666668,0.1333333333333333,1242.3
19,311,0,0,1,1.2503333333333335,0.1366666666666667,1017.8
19,312,0,0,1,1.2540000000000002,0.14,889.35
19,313,0,0,1,1.2576666666666667,0.1433333333333333,923.5
19,314,0,0,1,1.2613333333333334,0.1466666666666666,1094.2
19,315,0,0,1,1.265,0.15,1003.4
19,316,0,0,1,1.2686666666666668,0.1533333333333333,776.45
19,317,0,0,1,1.272333333333333,0.1566666666666666,768.0
19,318,0,0,1,1.276,0.16,750.85
19,319,0,0,1,1.2796666666666667,0.1633333333333333,708.25
19,320,0,0,1,1.2833333333333334,0.1666666666666666,727.1
19,321,0,0,1,1.287,0.17,750.2
19,322,0,0,1,1.2906666666666666,0.1733333333333333,739.0
19,323,0,0,1,1.2943333333333336,0.1766666666666667,673.7
19,324,0,0,1,1.2979999999999998,0.18,631.7540983606557
19,325,0,0,1,1.3016666666666667,0.1833333333333333,617.8
19,326,0,0,1,1.3053333333333337,0.1866666666666666,657.0666666666667
19,327,0,0,1,1.3090000000000002,0.19,706.4
19,328,0,0,1,1.3126666666666666,0.1933333333333333,714.1333333333333
19,329,0,0,1,1.3163333333333334,0.1966666666666666,728.2666666666667
19,330,0,0,1,1.32,0.2,731.0
19,331,0,0,1,1.3061666666666667,0.1966666666666666,717.6
19,332,0,0,1,1.2923333333333331,0.1933333333333333,720.5333333333333
19,333,0,0,1,1.2785000000000002,0.19,718.9333333333333
19,334,0,0,1,1.2646666666666666,0.1866666666666666,697.6666666666666
19,335,0,0,1,1.2508333333333337,0.1833333333333333,670.5333333333333
19,336,0,0,1,1.237,0.18,671.4
19,337,0,0,1,1.223166666666667,0.1766666666666667,678.6666666666666
19,338,0,0,1,1.2093333333333334,0.1733333333333333,652.1333333333333
19,339,0,0,1,1.1955,0.17,620.4098360655738
19,340,0,0,1,1.1816666666666669,0.1666666666666666,596.0833333333334
19,341,0,0,1,1.1678333333333335,0.1633333333333333,611.9
19,342,0,0,1,1.154,0.16,637.4833333333333
19,343,0,0,1,1.1401666666666668,0.1566666666666666,641.65
19,344,0,0,1,1.1263333333333336,0.1533333333333333,655.3
19,345,0,0,1,1.1125,0.15,647.4666666666667
19,346,0,0,1,1.098666666666667,0.1466666666666666,608.75
19,347,0,0,1,1.084833333333333,0.1433333333333333,595.2666666666667
19,348,0,0,1,1.0710000000000002,0.14,603.5166666666667
19,349,0,0,1,1.0571666666666668,0.1366666666666667,600.9
19,350,0,0,1,1.0433333333333334,0.1333333333333333,577.85
19,351,0,0,1,1.0295,0.13,545.5666666666667
19,352,0,0,1,1.0156666666666667,0.1266666666666666,502.0
19,353,0,0,1,1.0018333333333334,0.1233333333333333,466.8
19,354,0,0,1,0.988,0.12,469.78333333333336
19,355,0,0,1,0.9741666666666668,0.1166666666666666,469.73333333333335
19,356,0,0,1,0.9603333333333334,0.1133333333333333,505.7049180327869
19,357,0,0,1,0.9465,0.11,550.5
19,358,0,0,1,0.9326666666666666,0.1066666666666666,542.0
19,359,0,0,1,0.9188333333333334,0.1033333333333333,560.5
19,360,0,0,1,0.905,0.1,591.5
19,361,0,0,1,0.8911666666666667,0.0966666666666666,602.5
19,362,0,0,1,0.8773333333333333,0.0933333333333333,633.0
19,363,0,0,1,0.8635,0.09,651.0
19,364,0,0,1,0.8496666666666667,0.0866666666666666,640.0
19,365,0,0,1,0.8358333333333333,0.0833333333333333,600.0
19,366,0,0,1,0.822,0.08,545.5
19,367,0,0,1,0.8081666666666667,0.0766666666666666,517.5
19,368,0,0,1,0.7943333333333334,0.0733333333333333,507.0
19,369,0,0,1,0.7805,0.07,499.0
19,370,0,0,1,0.7666666666666667,0.0666666666666666,468.5
19,371,0,0,1,0.7528333333333334,0.0633333333333333,465.0
19,372,0,0,1,0.7390000000000001,0.06,497.3606557377049
19,373,0,0,1,0.7251666666666667,0.0566666666666666,523.8833333333333
19,374,0,0,1,0.7113333333333334,0.0533333333333333,538.1666666666666
19,375,0,0,1,0.6975,0.05,514.15
19,376,0,0,1,0.6836666666666666,0.0466666666666666,480.95
19,377,0,0,1,0.6698333333333333,0.0433333333333333,446.2166666666666
19,378,0,0,1,0.656,0.04,418.2
19,379,0,0,1,0.6421666666666667,0.0366666666666666,374.3
19,380,0,0,1,0.6283333333333334,0.0333333333333333,324.3333333333333
19,381,0,0,1,0.6144999999999999,0.03,301.43333333333334
19,382,0,0,1,0.6006666666666667,0.0266666666666666,277.3666666666667
19,383,0,0,1,0.5868333333333333,0.0233333333333333,261.65
19,384,0,0,1,0.5730000000000001,0.02,254.58333333333331
19,385,0,0,1,0.5591666666666666,0.0166666666666666,250.5254237288136
19,386,0,0,1,0.5453333333333333,0.0133333333333333,247.0
19,387,0,0,1,0.5315,0.01,236.5
19,388,0,0,1,0.5176666666666666,0.0066666666666666,216.0
19,389,0,0,1,0.5038333333333334,0.0033333333333333,198.5
19,390,0,0,1,0.49,0.0,191.5
19,391,0,0,1,0.4886666666666667,0.0,190.4918032786885
19,392,0,0,1,0.4873333333333333,0.0,209.85
19,393,0,0,1,0.486,0.0,242.56666666666663
19,394,0,0,1,0.4846666666666666,0.0,256.0
19,395,0,0,1,0.4833333333333333,0.0,256.0
19,396,0,0,1,0.482,0.0,261.8
19,397,0,0,1,0.4806666666666667,0.0,261.2333333333333
19,398,0,0,1,0.4793333333333333,0.0,250.13333333333333
19,399,0,0,1,0.478,0.0,250.35
19,400,0,0,1,0.4766666666666667,0.0,265.15
19,401,0,0,1,0.4753333333333333,0.0,281.8
19,402,0,0,1,0.474,0.0,281.2333333333333
19,403,0,0,1,0.4726666666666667,0.0,275.45
19,404,0,0,1,0.4713333333333332,0.0,272.65
19,405,0,0,1,0.47,0.0,256.4
19,406,0,0,1,0.4686666666666666,0.0,267.2
19,407,0,0,1,0.4673333333333333,0.0,293.42622950819674
19,408,0,0,1,0.4659999999999999,0.0,290.3333333333333
19,409,0,0,1,0.4646666666666667,0.0,275.6666666666667
19,410,0,0,1,0.4633333333333333,0.0,263.1333333333333
19,411,0,0,1,0.4619999999999999,0.0,252.13333333333333
19,412,0,0,1,0.4606666666666666,0.0,237.33333333333331
19,413,0,0,1,0.4593333333333333,0.0,222.2
19,414,0,0,1,0.458,0.0,217.06666666666663
19,415,0,0,1,0.4566666666666666,0.0,228.2
19,416,0,0,1,0.4553333333333333,0.0,246.53333333333333
19,417,0,0,1,0.4539999999999999,0.0,256.8666666666667
19,418,0,0,1,0.4526666666666666,0.0,241.2
19,419,0,0,1,0.4513333333333333,0.0,225.33333333333331
19,420,0,0,1,0.45,0.0,226.06666666666663
19,421,0,0,1,0.4486666666666666,0.0,230.2
19,422,0,0,1,0.4473333333333332,0.0,223.7333333333333
19,423,0,0,1,0.4459999999999999,0.0,217.70491803278688
19,424,0,0,1,0.4446666666666666,0.0,206.0
19,425,0,0,1,0.4433333333333333,0.0,202.65
19,426,0,0,1,0.442,0.0,221.9
19,427,0,0,1,0.4406666666666666,0.0,231.75
19,428,0,0,1,0.4393333333333333,0.0,229.9
19,429,0,0,1,0.4379999999999999,0.0,235.5
19,430,0,0,1,0.4366666666666666,0.0,249.1
19,431,0,0,1,0.4353333333333333,0.0,243.7
19,432,0,0,1,0.434,0.0,229.95
19,433,0,0,1,0.4326666666666667,0.0,239.15
19,434,0,0,1,0.4313333333333333,0.0,225.45
19,435,0,0,1,0.4299999999999999,0.0,206.25
19,436,0,0,1,0.4286666666666666,0.0,210.35
19,437,0,0,1,0.4273333333333333,0.0,221.45
19,438,0,0,1,0.426,0.0,224.0
19,439,0,0,1,0.4246666666666667,0.0,211.2295081967213
19,440,0,0,1,0.4233333333333333,0.0,219.4
19,441,0,0,1,0.422,0.0,240.8
19,442,0,0,1,0.4206666666666667,0.0,234.96666666666667
19,443,0,0,1,0.4193333333333333,0.0,221.8
19,444,0,0,1,0.418,0.0,226.36666666666667
19,445,0,0,1,0.4166666666666666,0.0,224.63333333333333
19,446,0,0,1,0.4153333333333333,0.0,238.5
19,447,0,0,1,0.4139999999999999,0.0,243.96666666666667
19,448,0,0,1,0.4126666666666666,0.0,136.0
19,449,0,0,1,0.4113333333333333,0.0,113.96666666666668
19,450,0,0,1,0.41,0.0,261.7
19,451,0,0,1,0.4059999999999999,0.0,258.26666666666665
19,452,0,0,1,0.4019999999999999,0.0,261.6333333333333
19,453,0,0,1,0.3979999999999999,0.0,264.6666666666667
19,454,0,0,1,0.3939999999999999,0.0,252.1803278688525
19,455,0,0,1,0.3899999999999999,0.0,251.33333333333331
19,456,0,0,1,0.3859999999999999,0.0,270.5
19,457,0,0,1,0.382,0.0,281.0
19,458,0,0,1,0.378,0.0,285.5833333333333
19,459,0,0,1,0.374,0.0,288.25
19,460,0,0,1,0.37,0.0,283.4166666666667
19,461,0,0,1,0.366,0.0,294.8333333333333
19,462,0,0,1,0.362,0.0,306.6666666666667
19,463,0,0,1,0.358,0.0,299.9166666666667
19,464,0,0,1,0.354,0.0,286.5833333333333
19,465,0,0,1,0.35,0.0,276.1666666666667
19,466,0,0,1,0.346,0.0,279.0833333333333
19,467,0,0,1,0.3419999999999999,0.0,280.4166666666667
19,468,0,0,1,0.3379999999999999,0.0,290.5
19,469,0,0,1,0.3339999999999999,0.0,284.9836065573771
19,470,0,0,1,0.3299999999999999,0.0,267.2
19,471,0,0,1,0.3259999999999999,0.0,270.8
19,472,0,0,1,0.322,0.0,276.2
19,473,0,0,1,0.3179999999999999,0.0,259.2
19,474,0,0,1,0.314,0.0,266.8
19,475,0,0,1,0.31,0.0,274.4
19,476,0,0,1,0.306,0.0,264.0
19,477,0,0,1,0.302,0.0,259.8
19,478,0,0,1,0.298,0.0,252.0
19,479,0,0,1,0.294,0.0,246.2
19,480,0,0,1,0.29,0.0,241.0
19,481,0,0,1,0.286,0.0,226.4
19,482,0,0,1,0.282,0.0,215.0
19,483,0,0,1,0.2779999999999999,0.0,187.55737704918036
19,484,0,0,1,0.274,0.0,168.71186440677965
19,485,0,0,1,0.2699999999999999,0.0,132.49180327868854
19,486,0,0,1,0.266,0.0,126.1
19,487,0,0,1,0.2619999999999999,0.0,163.31666666666666
19,488,0,0,1,0.258,0.0,115.1
19,489,0,0,1,0.254,0.0,97.86666666666666
19,490,0,0,1,0.25,0.0,85.31666666666666
19,491,0,0,1,0.246,0.0,72.56666666666666
19,492,0,0,1,0.242,0.0,51.333333333333336
19,493,0,0,1,0.238,0.0,32.483333333333334
19,494,0,0,1,0.2339999999999999,0.0,13.566666666666666
19,495,0,0,1,0.23,0.0,13.033333333333331
19,496,0,0,1,0.2259999999999999,0.0,20.966666666666665
19,497,0,0,1,0.222,0.0,1.5333333333333334
19,498,0,0,1,0.218,0.0,13.2
19,499,0,0,1,0.214,0.0,24.166666666666668
19,500,0,0,1,0.21,0.0,26.05
19,501,0,0,1,0.206,0.0,39.377049180327866
19,502,0,0,1,0.2019999999999999,0.0,41.833333333333336
19,503,0,0,1,0.1979999999999999,0.0,40.96666666666667
19,504,0,0,1,0.194,0.0,37.66666666666666
19,505,0,0,1,0.19,0.0,38.5
19,506,0,0,1,0.186,0.0,45.13333333333333
19,507,0,0,1,0.182,0.0,75.56666666666666
19,508,0,0,1,0.178,0.0,77.8
19,509,0,0,1,0.174,0.0,76.56666666666666
19,510,0,0,1,0.17,0.0,83.56666666666666
19,511,0,0,1,0.169,0.0,85.8
19,512,0,0,1,0.168,0.0,87.13333333333334
19,513,0,0,1,0.167,0.0,99.3
19,514,0,0,1,0.166,0.0,88.86666666666666
19,515,0,0,1,0.165,0.0,54.766666666666666
19,516,0,0,1,0.164,0.0,67.80327868852459
19,517,0,0,1,0.1629999999999999,0.0,129.95
19,518,0,0,1,0.162,0.0,155.8
19,519,0,0,1,0.161,0.0,141.65
19,520,0,0,1,0.16,0.0,100.1
19,521,0,0,1,0.1589999999999999,0.0,48.3
19,522,0,0,1,0.158,0.0,140.45
19,523,0,0,1,0.157,0.0,141.5
19,524,0,0,1,0.156,0.0,135.0
19,525,0,0,1,0.155,0.0,131.15
19,526,0,0,1,0.154,0.0,119.8
19,527,0,0,1,0.153,0.0,114.45
19,528,0,0,1,0.152,0.0,119.35
19,529,0,0,1,0.151,0.0,118.95
19,530,0,0,1,0.15,0.0,105.45
19,531,0,0,1,0.149,0.0,89.6
19,532,0,0,1,0.148,0.0,97.59016393442624
19,533,0,0,1,0.147,0.0,88.66666666666667
19,534,0,0,1,0.146,0.0,77.33333333333333
19,535,0,0,1,0.145,0.0,73.33333333333333
19,536,0,0,1,0.144,0.0,79.0
19,537,0,0,1,0.143,0.0,85.66666666666667
19,538,0,0,1,0.142,0.0,88.0
19,539,0,0,1,0.141,0.0,82.0
19,540,0,0,1,0.14,0.0,67.66666666666667
19,541,0,0,1,0.1389999999999999,0.0,72.66666666666667
19,542,0,0,1,0.138,0.0,81.0
19,543,0,0,1,0.137,0.0,90.33333333333331
19,544,0,0,1,0.136,0.0,91.0
19,545,0,0,1,0.1349999999999999,0.0,89.33333333333333
19,546,0,0,1,0.1339999999999999,0.0,81.66666666666667
19,547,0,0,1,0.133,0.0,89.66666666666667
19,548,0,0,1,0.132,0.0,91.0
19,549,0,0,1,0.131,0.0,99.86666666666666
19,550,0,0,1,0.13,0.0,112.35
19,551,0,0,1,0.129,0.0,85.96666666666667
19,552,0,0,1,0.128,0.0,55.88333333333333
19,553,0,0,1,0.127,0.0,124.9
19,554,0,0,1,0.126,0.0,210.03333333333333
19,555,0,0,1,0.125,0.0,33.53333333333333
19,556,0,0,1,0.1239999999999999,0.0,38.05
19,557,0,0,1,0.123,0.0,39.16666666666666
19,558,0,0,1,0.122,0.0,57.71666666666667
19,559,0,0,1,0.121,0.0,83.31666666666666
19,560,0,0,1,0.12,0.0,84.63333333333334
19,561,0,0,1,0.119,0.0,85.05
19,562,0,0,1,0.118,0.0,73.18333333333334
19,563,0,0,1,0.117,0.0,59.28333333333333
19,564,0,0,1,0.116,0.0,85.59016393442623
19,565,0,0,1,0.115,0.0,109.0
19,566,0,0,1,0.114,0.0,94.75
19,567,0,0,1,0.113,0.0,65.26666666666667
19,568,0,0,1,0.112,0.0,66.73333333333333
19,569,0,0,1,0.111,0.0,69.06666666666666
19,570,0,0,1,0.11,0.0,76.675
19,571,0,0,1,0.1083333333333333,0.0,66.175
19,572,0,0,1,0.1066666666666666,0.0,60.41666666666666
19,573,0,0,1,0.105,0.0,57.31666666666667
19,574,0,0,1,0.1033333333333333,0.0,58.0
19,575,0,0,1,0.1016666666666666,0.0,57.05
19,576,0,0,1,0.1,0.0,53.73333333333333
19,577,0,0,1,0.0983333333333333,0.0,52.583333333333336
19,578,0,0,1,0.0966666666666666,0.0,56.95
19,579,0,0,1,0.095,0.0,59.63333333333333
19,580,0,0,1,0.0933333333333333,0.0,56.63934426229508
19,581,0,0,1,0.0916666666666666,0.0,47.6
19,582,0,0,1,0.09,0.0,48.4
19,583,0,0,1,0.0883333333333333,0.0,50.6
19,584,0,0,1,0.0866666666666666,0.0,59.9
19,585,0,0,1,0.085,0.0,60.5
19,586,0,0,1,0.0833333333333333,0.0,55.2
19,587,0,0,1,0.0816666666666666,0.0,41.4
19,588,0,0,1,0.08,0.0,24.7
19,589,0,0,1,0.0783333333333333,0.0,44.0
19,590,0,0,1,0.0766666666666666,0.0,45.7
19,591,0,0,1,0.075,0.0,18.2
19,592,0,0,1,0.0733333333333333,0.0,16.5
19,593,0,0,1,0.0716666666666666,0.0,9.0
19,594,0,0,1,0.07,0.0,16.9
19,595,0,0,1,0.0683333333333333,0.0,16.0
19,596,0,0,1,0.0666666666666666,0.0,6.344262295081967
19,597,0,0,1,0.065,0.0,2.55
19,598,0,0,1,0.0633333333333333,0.0,6.45
19,599,0,0,1,0.0616666666666666,0.0,1.1333333333333333
19,600,0,0,1,0.0599999999999999,0.0,4.566666666666666
19,601,0,0,1,0.0583333333333333,0.0,6.0
19,602,0,0,1,0.0566666666666666,0.0,6.283333333333333
19,603,0,0,1,0.055,0.0,5.016666666666667
19,604,0,0,1,0.0533333333333333,0.0,0.0
19,605,0,0,1,0.0516666666666666,0.0,0.0
19,606,0,0,1,0.05,0.0,0.0
19,607,0,0,1,0.0483333333333333,0.0,0.0
19,608,0,0,1,0.0466666666666666,0.0,0.0
19,609,0,0,1,0.045,0.0,0.0
19,610,0,0,1,0.0433333333333333,0.0,0.0
19,611,0,0,1,0.0416666666666666,0.0,0.0
19,612,0,0,1,0.04,0.0,0.0
19,613,0,0,1,0.0383333333333333,0.0,0.0
19,614,0,0,1,0.0366666666666666,0.0,0.0
19,615,0,0,1,0.035,0.0,0.0
19,616,0,0,1,0.0333333333333333,0.0,0.0
19,617,0,0,1,0.0316666666666666,0.0,0.0
19,618,0,0,1,0.03,0.0,0.0
19,619,0,0,1,0.0283333333333333,0.0,0.0
19,620,0,0,1,0.0266666666666666,0.0,0.0
19,621,0,0,1,0.025,0.0,0.0
19,622,0,0,1,0.0233333333333333,0.0,0.0
19,623,0,0,1,0.0216666666666666,0.0,0.0
19,624,0,0,1,0.02,0.0,0.0
19,625,0,0,1,0.0183333333333333,0.0,0.0
19,626,0,0,1,0.0166666666666666,0.0,0.0
19,627,0,0,1,0.015,0.0,0.0
19,628,0,0,1,0.0133333333333333,0.0,0.0
19,629,0,0,1,0.0116666666666666,0.0,0.0
19,630,0,0,1,0.01,0.0,0.0
19,631,0,0,1,0.0098333333333333,0.0,0.0
19,632,0,0,1,0.0096666666666666,0.0,0.0
19,633,0,0,1,0.0095,0.0,0.0
19,634,0,0,1,0.0093333333333333,0.0,3.25
19,635,0,0,1,0.0091666666666666,0.0,9.75
19,636,0,0,1,0.009,0.0,0.0
19,637,0,0,1,0.0088333333333333,0.0,0.0
19,638,0,0,1,0.0086666666666666,0.0,0.0
19,639,0,0,1,0.0085,0.0,0.0
19,640,0,0,1,0.0083333333333333,0.0,0.0
19,641,0,0,1,0.0081666666666666,0.0,0.0
19,642,0,0,1,0.008,0.0,0.0
19,643,0,0,1,0.0078333333333333,0.0,0.0
19,644,0,0,1,0.0076666666666666,0.0,0.0
19,645,0,0,1,0.0075,0.0,0.0
19,646,0,0,1,0.0073333333333333,0.0,0.0
19,647,0,0,1,0.0071666666666666,0.0,0.0
19,648,0,0,1,0.007,0.0,0.0
19,649,0,0,1,0.0068333333333333,0.0,0.0
19,650,0,0,1,0.0066666666666666,0.0,0.0
19,651,0,0,1,0.0065,0.0,0.0
19,652,0,0,1,0.0063333333333333,0.0,0.0
19,653,0,0,1,0.0061666666666666,0.0,0.0
19,654,0,0,1,0.006,0.0,0.0
19,655,0,0,1,0.0058333333333333,0.0,0.0
19,656,0,0,1,0.0056666666666666,0.0,0.0
19,657,0,0,1,0.0055,0.0,0.0
19,658,0,0,1,0.0053333333333333,0.0,0.0
19,659,0,0,1,0.0051666666666666,0.0,0.0
